"filename", "language", "JavaScript", "YAML", "Markdown", "JSON with Comments", "PostCSS", "TypeScript", "vue", "JSON", "HTML", "Docker", "SVG", "Shell Script", "XML", "comment", "blank", "total"
"/Users/tekoracle/Desktop/OTUTU/frontend/.github/ISSUE_TEMPLATE/bug_report.md", "Markdown", 0, 0, 14, 0, 0, 0, 0, 0, 0, 0, 0, 0, 0, 20, 14, 48
"/Users/tekoracle/Desktop/OTUTU/frontend/.github/ISSUE_TEMPLATE/feature_request.md", "Markdown", 0, 0, 9, 0, 0, 0, 0, 0, 0, 0, 0, 0, 0, 2, 6, 17
"/Users/tekoracle/Desktop/OTUTU/frontend/.github/pull_request_template.md", "Markdown", 0, 0, 2, 0, 0, 0, 0, 0, 0, 0, 0, 0, 0, 0, 2, 4
"/Users/tekoracle/Desktop/OTUTU/frontend/.github/workflows/ci.yml", "YAML", 0, 125, 0, 0, 0, 0, 0, 0, 0, 0, 0, 0, 0, 0, 26, 151
"/Users/tekoracle/Desktop/OTUTU/frontend/.github/workflows/codeql.yml", "YAML", 0, 27, 0, 0, 0, 0, 0, 0, 0, 0, 0, 0, 0, 0, 7, 34
"/Users/tekoracle/Desktop/OTUTU/frontend/.github/workflows/release.yml", "YAML", 0, 19, 0, 0, 0, 0, 0, 0, 0, 0, 0, 0, 0, 0, 5, 24
"/Users/tekoracle/Desktop/OTUTU/frontend/CLAUDE.md", "Markdown", 0, 0, 307, 0, 0, 0, 0, 0, 0, 0, 0, 0, 0, 2, 118, 427
"/Users/tekoracle/Desktop/OTUTU/frontend/Dockerfile", "Docker", 0, 0, 0, 0, 0, 0, 0, 0, 0, 29, 0, 0, 0, 0, 13, 42
"/Users/tekoracle/Desktop/OTUTU/frontend/LICENSE.md", "Markdown", 0, 0, 552, 0, 0, 0, 0, 0, 0, 0, 0, 0, 0, 0, 108, 660
"/Users/tekoracle/Desktop/OTUTU/frontend/README.md", "Markdown", 0, 0, 75, 0, 0, 0, 0, 0, 0, 0, 0, 0, 0, 0, 40, 115
"/Users/tekoracle/Desktop/OTUTU/frontend/commitlint.config.cjs", "JavaScript", 3, 0, 0, 0, 0, 0, 0, 0, 0, 0, 0, 0, 0, 0, 1, 4
"/Users/tekoracle/Desktop/OTUTU/frontend/docker/ecosystem.config.cjs", "JavaScript", 11, 0, 0, 0, 0, 0, 0, 0, 0, 0, 0, 0, 0, 0, 1, 12
"/Users/tekoracle/Desktop/OTUTU/frontend/docker/health.sh", "Shell Script", 0, 0, 0, 0, 0, 0, 0, 0, 0, 0, 0, 2, 0, 2, 3, 7
"/Users/tekoracle/Desktop/OTUTU/frontend/eslint.config.js", "JavaScript", 62, 0, 0, 0, 0, 0, 0, 0, 0, 0, 0, 0, 0, 0, 2, 64
"/Users/tekoracle/Desktop/OTUTU/frontend/package.json", "JSON", 0, 0, 0, 0, 0, 0, 0, 78, 0, 0, 0, 0, 0, 0, 1, 79
"/Users/tekoracle/Desktop/OTUTU/frontend/packages/card-payment-common/package.json", "JSON", 0, 0, 0, 0, 0, 0, 0, 78, 0, 0, 0, 0, 0, 0, 1, 79
"/Users/tekoracle/Desktop/OTUTU/frontend/packages/card-payment-common/src/index.ts", "TypeScript", 0, 0, 0, 0, 0, 9, 0, 0, 0, 0, 0, 0, 0, 1, 9, 19
"/Users/tekoracle/Desktop/OTUTU/frontend/packages/card-payment-common/src/schemas/account.ts", "TypeScript", 0, 0, 0, 0, 0, 33, 0, 0, 0, 0, 0, 0, 0, 7, 8, 48
"/Users/tekoracle/Desktop/OTUTU/frontend/packages/card-payment-common/src/schemas/api.ts", "TypeScript", 0, 0, 0, 0, 0, 10, 0, 0, 0, 0, 0, 0, 0, 0, 4, 14
"/Users/tekoracle/Desktop/OTUTU/frontend/packages/card-payment-common/src/schemas/checkout.ts", "TypeScript", 0, 0, 0, 0, 0, 15, 0, 0, 0, 0, 0, 0, 0, 1, 7, 23
"/Users/tekoracle/Desktop/OTUTU/frontend/packages/card-payment-common/src/schemas/discount.ts", "TypeScript", 0, 0, 0, 0, 0, 21, 0, 0, 0, 0, 0, 0, 0, 0, 8, 29
"/Users/tekoracle/Desktop/OTUTU/frontend/packages/card-payment-common/src/schemas/payment.ts", "TypeScript", 0, 0, 0, 0, 0, 34, 0, 0, 0, 0, 0, 0, 0, 5, 15, 54
"/Users/tekoracle/Desktop/OTUTU/frontend/packages/card-payment-common/src/schemas/plans.ts", "TypeScript", 0, 0, 0, 0, 0, 44, 0, 0, 0, 0, 0, 0, 0, 1, 11, 56
"/Users/tekoracle/Desktop/OTUTU/frontend/packages/card-payment-common/src/schemas/subscription.ts", "TypeScript", 0, 0, 0, 0, 0, 49, 0, 0, 0, 0, 0, 0, 0, 4, 12, 65
"/Users/tekoracle/Desktop/OTUTU/frontend/packages/card-payment-common/src/schemas/three-d-secure.ts", "TypeScript", 0, 0, 0, 0, 0, 26, 0, 0, 0, 0, 0, 0, 0, 6, 5, 37
"/Users/tekoracle/Desktop/OTUTU/frontend/packages/card-payment-common/src/utils/checkout.ts", "TypeScript", 0, 0, 0, 0, 0, 30, 0, 0, 0, 0, 0, 0, 0, 24, 7, 61
"/Users/tekoracle/Desktop/OTUTU/frontend/packages/card-payment-common/src/utils/object.ts", "TypeScript", 0, 0, 0, 0, 0, 47, 0, 0, 0, 0, 0, 0, 0, 4, 10, 61
"/Users/tekoracle/Desktop/OTUTU/frontend/packages/card-payment-common/src/utils/subscription.ts", "TypeScript", 0, 0, 0, 0, 0, 13, 0, 0, 0, 0, 0, 0, 0, 0, 5, 18
"/Users/tekoracle/Desktop/OTUTU/frontend/packages/card-payment-common/tsconfig.json", "JSON with Comments", 0, 0, 0, 29, 0, 0, 0, 0, 0, 0, 0, 0, 0, 0, 1, 30
"/Users/tekoracle/Desktop/OTUTU/frontend/packages/card-payment-common/tsdown.config.ts", "TypeScript", 0, 0, 0, 0, 0, 10, 0, 0, 0, 0, 0, 0, 0, 0, 2, 12
"/Users/tekoracle/Desktop/OTUTU/frontend/packages/card-payment/index.html", "HTML", 0, 0, 0, 0, 0, 0, 0, 0, 14, 0, 0, 0, 0, 0, 2, 16
"/Users/tekoracle/Desktop/OTUTU/frontend/packages/card-payment/package.json", "JSON", 0, 0, 0, 0, 0, 0, 0, 40, 0, 0, 0, 0, 0, 0, 1, 41
"/Users/tekoracle/Desktop/OTUTU/frontend/packages/card-payment/postcss.config.ts", "TypeScript", 0, 0, 0, 0, 0, 6, 0, 0, 0, 0, 0, 0, 0, 0, 1, 7
"/Users/tekoracle/Desktop/OTUTU/frontend/packages/card-payment/public/img/logo-small.svg", "SVG", 0, 0, 0, 0, 0, 0, 0, 0, 0, 0, 1, 0, 0, 0, 1, 2
"/Users/tekoracle/Desktop/OTUTU/frontend/packages/card-payment/src/App.vue", "vue", 0, 0, 0, 0, 0, 0, 206, 0, 0, 0, 0, 0, 0, 0, 29, 235
"/Users/tekoracle/Desktop/OTUTU/frontend/packages/card-payment/src/assets/styles/main.css", "PostCSS", 0, 0, 0, 0, 10, 0, 0, 0, 0, 0, 0, 0, 0, 0, 3, 13
"/Users/tekoracle/Desktop/OTUTU/frontend/packages/card-payment/src/components/AddCardDialog.vue", "vue", 0, 0, 0, 0, 0, 0, 80, 0, 0, 0, 0, 0, 0, 0, 12, 92
"/Users/tekoracle/Desktop/OTUTU/frontend/packages/card-payment/src/components/BaseButton.vue", "vue", 0, 0, 0, 0, 0, 0, 74, 0, 0, 0, 0, 0, 0, 0, 10, 84
"/Users/tekoracle/Desktop/OTUTU/frontend/packages/card-payment/src/components/BaseDialog.vue", "vue", 0, 0, 0, 0, 0, 0, 69, 0, 0, 0, 0, 0, 0, 0, 6, 75
"/Users/tekoracle/Desktop/OTUTU/frontend/packages/card-payment/src/components/CardPayment.vue", "vue", 0, 0, 0, 0, 0, 0, 313, 0, 0, 0, 0, 0, 0, 16, 47, 376
"/Users/tekoracle/Desktop/OTUTU/frontend/packages/card-payment/src/components/CardSelectionDialog.vue", "vue", 0, 0, 0, 0, 0, 0, 58, 0, 0, 0, 0, 0, 0, 0, 8, 66
"/Users/tekoracle/Desktop/OTUTU/frontend/packages/card-payment/src/components/CheckoutLayout.vue", "vue", 0, 0, 0, 0, 0, 0, 33, 0, 0, 0, 0, 0, 0, 3, 5, 41
"/Users/tekoracle/Desktop/OTUTU/frontend/packages/card-payment/src/components/DiscountCodeInput.vue", "vue", 0, 0, 0, 0, 0, 0, 251, 0, 0, 0, 0, 0, 0, 6, 28, 285
"/Users/tekoracle/Desktop/OTUTU/frontend/packages/card-payment/src/components/ErrorState.vue", "vue", 0, 0, 0, 0, 0, 0, 45, 0, 0, 0, 0, 0, 0, 0, 4, 49
"/Users/tekoracle/Desktop/OTUTU/frontend/packages/card-payment/src/components/Footer.vue", "vue", 0, 0, 0, 0, 0, 0, 18, 0, 0, 0, 0, 0, 0, 1, 3, 22
"/Users/tekoracle/Desktop/OTUTU/frontend/packages/card-payment/src/components/Header.vue", "vue", 0, 0, 0, 0, 0, 0, 36, 0, 0, 0, 0, 0, 0, 2, 3, 41
"/Users/tekoracle/Desktop/OTUTU/frontend/packages/card-payment/src/components/HorizontalStepper.vue", "vue", 0, 0, 0, 0, 0, 0, 32, 0, 0, 0, 0, 0, 0, 1, 4, 37
"/Users/tekoracle/Desktop/OTUTU/frontend/packages/card-payment/src/components/LoadingState.vue", "vue", 0, 0, 0, 0, 0, 0, 35, 0, 0, 0, 0, 0, 0, 0, 3, 38
"/Users/tekoracle/Desktop/OTUTU/frontend/packages/card-payment/src/components/NewCardForm.vue", "vue", 0, 0, 0, 0, 0, 0, 293, 0, 0, 0, 0, 0, 0, 6, 33, 332
"/Users/tekoracle/Desktop/OTUTU/frontend/packages/card-payment/src/components/PaymentButtons.vue", "vue", 0, 0, 0, 0, 0, 0, 47, 0, 0, 0, 0, 0, 0, 0, 5, 52
"/Users/tekoracle/Desktop/OTUTU/frontend/packages/card-payment/src/components/PaymentGrandTotal.vue", "vue", 0, 0, 0, 0, 0, 0, 84, 0, 0, 0, 0, 0, 0, 4, 11, 99
"/Users/tekoracle/Desktop/OTUTU/frontend/packages/card-payment/src/components/PlanSummary.vue", "vue", 0, 0, 0, 0, 0, 0, 128, 0, 0, 0, 0, 0, 0, 0, 23, 151
"/Users/tekoracle/Desktop/OTUTU/frontend/packages/card-payment/src/components/SavedCardDisplay.vue", "vue", 0, 0, 0, 0, 0, 0, 129, 0, 0, 0, 0, 0, 0, 3, 15, 147
"/Users/tekoracle/Desktop/OTUTU/frontend/packages/card-payment/src/components/SavedCardListItem.vue", "vue", 0, 0, 0, 0, 0, 0, 56, 0, 0, 0, 0, 0, 0, 0, 5, 61
"/Users/tekoracle/Desktop/OTUTU/frontend/packages/card-payment/src/components/TermsAcceptance.vue", "vue", 0, 0, 0, 0, 0, 0, 30, 0, 0, 0, 0, 0, 0, 0, 5, 35
"/Users/tekoracle/Desktop/OTUTU/frontend/packages/card-payment/src/components/VerticalStepper.vue", "vue", 0, 0, 0, 0, 0, 0, 94, 0, 0, 0, 0, 0, 0, 4, 5, 103
"/Users/tekoracle/Desktop/OTUTU/frontend/packages/card-payment/src/config/paths.ts", "TypeScript", 0, 0, 0, 0, 0, 13, 0, 0, 0, 0, 0, 0, 0, 24, 6, 43
"/Users/tekoracle/Desktop/OTUTU/frontend/packages/card-payment/src/layouts/default.vue", "vue", 0, 0, 0, 0, 0, 0, 13, 0, 0, 0, 0, 0, 0, 1, 4, 18
"/Users/tekoracle/Desktop/OTUTU/frontend/packages/card-payment/src/main.ts", "TypeScript", 0, 0, 0, 0, 0, 17, 0, 0, 0, 0, 0, 0, 0, 2, 3, 22
"/Users/tekoracle/Desktop/OTUTU/frontend/packages/card-payment/src/utils/api.ts", "TypeScript", 0, 0, 0, 0, 0, 235, 0, 0, 0, 0, 0, 0, 0, 9, 33, 277
"/Users/tekoracle/Desktop/OTUTU/frontend/packages/card-payment/src/utils/card-api.ts", "TypeScript", 0, 0, 0, 0, 0, 122, 0, 0, 0, 0, 0, 0, 0, 0, 13, 135
"/Users/tekoracle/Desktop/OTUTU/frontend/packages/card-payment/src/utils/navigation-guard.ts", "TypeScript", 0, 0, 0, 0, 0, 17, 0, 0, 0, 0, 0, 0, 0, 2, 6, 25
"/Users/tekoracle/Desktop/OTUTU/frontend/packages/card-payment/src/utils/navigation.ts", "TypeScript", 0, 0, 0, 0, 0, 56, 0, 0, 0, 0, 0, 0, 0, 36, 15, 107
"/Users/tekoracle/Desktop/OTUTU/frontend/packages/card-payment/src/vite-env.d.ts", "TypeScript", 0, 0, 0, 0, 0, 7, 0, 0, 0, 0, 0, 0, 0, 2, 3, 12
"/Users/tekoracle/Desktop/OTUTU/frontend/packages/card-payment/tailwind.config.ts", "TypeScript", 0, 0, 0, 0, 0, 26, 0, 0, 0, 0, 0, 0, 0, 0, 2, 28
"/Users/tekoracle/Desktop/OTUTU/frontend/packages/card-payment/tsconfig.app.json", "JSON", 0, 0, 0, 0, 0, 0, 0, 11, 0, 0, 0, 0, 0, 0, 2, 13
"/Users/tekoracle/Desktop/OTUTU/frontend/packages/card-payment/tsconfig.json", "JSON with Comments", 0, 0, 0, 14, 0, 0, 0, 0, 0, 0, 0, 0, 0, 0, 1, 15
"/Users/tekoracle/Desktop/OTUTU/frontend/packages/card-payment/tsconfig.node.json", "JSON", 0, 0, 0, 0, 0, 0, 0, 20, 0, 0, 0, 0, 0, 0, 2, 22
"/Users/tekoracle/Desktop/OTUTU/frontend/packages/card-payment/tsconfig.vitest.json", "JSON", 0, 0, 0, 0, 0, 0, 0, 10, 0, 0, 0, 0, 0, 0, 2, 12
"/Users/tekoracle/Desktop/OTUTU/frontend/packages/card-payment/vite.config.ts", "TypeScript", 0, 0, 0, 0, 0, 78, 0, 0, 0, 0, 0, 0, 0, 1, 2, 81
"/Users/tekoracle/Desktop/OTUTU/frontend/packages/website/app/app.vue", "vue", 0, 0, 0, 0, 0, 0, 26, 0, 0, 0, 0, 0, 0, 0, 7, 33
"/Users/tekoracle/Desktop/OTUTU/frontend/packages/website/app/assets/README.md", "Markdown", 0, 0, 4, 0, 0, 0, 0, 0, 0, 0, 0, 0, 0, 0, 4, 8
"/Users/tekoracle/Desktop/OTUTU/frontend/packages/website/app/assets/css/tailwind.css", "PostCSS", 0, 0, 0, 0, 7, 0, 0, 0, 0, 0, 0, 0, 0, 0, 3, 10
"/Users/tekoracle/Desktop/OTUTU/frontend/packages/website/app/components/account/CountrySelect.vue", "vue", 0, 0, 0, 0, 0, 0, 37, 0, 0, 0, 0, 0, 0, 0, 6, 43
"/Users/tekoracle/Desktop/OTUTU/frontend/packages/website/app/components/account/activation/AccountActivate.vue", "vue", 0, 0, 0, 0, 0, 0, 135, 0, 0, 0, 0, 0, 0, 0, 12, 147
"/Users/tekoracle/Desktop/OTUTU/frontend/packages/website/app/components/account/activation/PendingActivation.vue", "vue", 0, 0, 0, 0, 0, 0, 17, 0, 0, 0, 0, 0, 0, 0, 2, 19
"/Users/tekoracle/Desktop/OTUTU/frontend/packages/website/app/components/account/delete/AccountDeletedPage.vue", "vue", 0, 0, 0, 0, 0, 0, 17, 0, 0, 0, 0, 0, 0, 0, 2, 19
"/Users/tekoracle/Desktop/OTUTU/frontend/packages/website/app/components/account/home/AccountAddress.vue", "vue", 0, 0, 0, 0, 0, 0, 179, 0, 0, 0, 0, 0, 0, 0, 23, 202
"/Users/tekoracle/Desktop/OTUTU/frontend/packages/website/app/components/account/home/AccountDetails.vue", "vue", 0, 0, 0, 0, 0, 0, 73, 0, 0, 0, 0, 0, 0, 0, 8, 81
"/Users/tekoracle/Desktop/OTUTU/frontend/packages/website/app/components/account/home/AccountInformation.vue", "vue", 0, 0, 0, 0, 0, 0, 280, 0, 0, 0, 0, 0, 0, 0, 37, 317
"/Users/tekoracle/Desktop/OTUTU/frontend/packages/website/app/components/account/home/ActiveSubscriptionCard.vue", "vue", 0, 0, 0, 0, 0, 0, 210, 0, 0, 0, 0, 0, 0, 5, 31, 246
"/Users/tekoracle/Desktop/OTUTU/frontend/packages/website/app/components/account/home/ActiveSubscriptionCardSkeleton.vue", "vue", 0, 0, 0, 0, 0, 0, 93, 0, 0, 0, 0, 0, 0, 8, 6, 107
"/Users/tekoracle/Desktop/OTUTU/frontend/packages/website/app/components/account/home/ApiKeys.vue", "vue", 0, 0, 0, 0, 0, 0, 76, 0, 0, 0, 0, 0, 0, 0, 6, 82
"/Users/tekoracle/Desktop/OTUTU/frontend/packages/website/app/components/account/home/CancelSubscription.vue", "vue", 0, 0, 0, 0, 0, 0, 109, 0, 0, 0, 0, 0, 0, 0, 13, 122
"/Users/tekoracle/Desktop/OTUTU/frontend/packages/website/app/components/account/home/CancelUpgradeDialog.vue", "vue", 0, 0, 0, 0, 0, 0, 48, 0, 0, 0, 0, 0, 0, 0, 11, 59
"/Users/tekoracle/Desktop/OTUTU/frontend/packages/website/app/components/account/home/ChangePassword.vue", "vue", 0, 0, 0, 0, 0, 0, 153, 0, 0, 0, 0, 0, 0, 0, 18, 171
"/Users/tekoracle/Desktop/OTUTU/frontend/packages/website/app/components/account/home/DangerZone.vue", "vue", 0, 0, 0, 0, 0, 0, 132, 0, 0, 0, 0, 0, 0, 0, 13, 145
"/Users/tekoracle/Desktop/OTUTU/frontend/packages/website/app/components/account/home/DeleteDeviceDialog.vue", "vue", 0, 0, 0, 0, 0, 0, 70, 0, 0, 0, 0, 0, 0, 0, 8, 78
"/Users/tekoracle/Desktop/OTUTU/frontend/packages/website/app/components/account/home/FloatingNotification.vue", "vue", 0, 0, 0, 0, 0, 0, 71, 0, 0, 0, 0, 0, 0, 0, 10, 81
"/Users/tekoracle/Desktop/OTUTU/frontend/packages/website/app/components/account/home/PaymentsTable.vue", "vue", 0, 0, 0, 0, 0, 0, 180, 0, 0, 0, 0, 0, 0, 0, 9, 189
"/Users/tekoracle/Desktop/OTUTU/frontend/packages/website/app/components/account/home/PlanLimitsList.vue", "vue", 0, 0, 0, 0, 0, 0, 89, 0, 0, 0, 0, 0, 0, 1, 12, 102
"/Users/tekoracle/Desktop/OTUTU/frontend/packages/website/app/components/account/home/PremiumPlaceholder.vue", "vue", 0, 0, 0, 0, 0, 0, 113, 0, 0, 0, 0, 0, 0, 3, 9, 125
"/Users/tekoracle/Desktop/OTUTU/frontend/packages/website/app/components/account/home/ReferralCode.vue", "vue", 0, 0, 0, 0, 0, 0, 217, 0, 0, 0, 0, 0, 0, 0, 22, 239
"/Users/tekoracle/Desktop/OTUTU/frontend/packages/website/app/components/account/home/ReferralCodeSkeleton.vue", "vue", 0, 0, 0, 0, 0, 0, 57, 0, 0, 0, 0, 0, 0, 4, 7, 68
"/Users/tekoracle/Desktop/OTUTU/frontend/packages/website/app/components/account/home/RenameDeviceDialog.vue", "vue", 0, 0, 0, 0, 0, 0, 72, 0, 0, 0, 0, 0, 0, 0, 11, 83
"/Users/tekoracle/Desktop/OTUTU/frontend/packages/website/app/components/account/home/ResumeSubscriptionDialog.vue", "vue", 0, 0, 0, 0, 0, 0, 103, 0, 0, 0, 0, 0, 0, 0, 13, 116
"/Users/tekoracle/Desktop/OTUTU/frontend/packages/website/app/components/account/home/SubscriptionBillingSection.vue", "vue", 0, 0, 0, 0, 0, 0, 54, 0, 0, 0, 0, 0, 0, 0, 6, 60
"/Users/tekoracle/Desktop/OTUTU/frontend/packages/website/app/components/account/home/SubscriptionDialogs.vue", "vue", 0, 0, 0, 0, 0, 0, 58, 0, 0, 0, 0, 0, 0, 0, 12, 70
"/Users/tekoracle/Desktop/OTUTU/frontend/packages/website/app/components/account/home/SubscriptionInfoField.vue", "vue", 0, 0, 0, 0, 0, 0, 44, 0, 0, 0, 0, 0, 0, 0, 4, 48
"/Users/tekoracle/Desktop/OTUTU/frontend/packages/website/app/components/account/home/SubscriptionTable.vue", "vue", 0, 0, 0, 0, 0, 0, 156, 0, 0, 0, 0, 0, 0, 0, 25, 181
"/Users/tekoracle/Desktop/OTUTU/frontend/packages/website/app/components/account/home/UnverifiedEmailWarning.vue", "vue", 0, 0, 0, 0, 0, 0, 71, 0, 0, 0, 0, 0, 0, 0, 13, 84
"/Users/tekoracle/Desktop/OTUTU/frontend/packages/website/app/components/account/home/UpgradePlanDialog.vue", "vue", 0, 0, 0, 0, 0, 0, 187, 0, 0, 0, 0, 0, 0, 0, 34, 221
"/Users/tekoracle/Desktop/OTUTU/frontend/packages/website/app/components/account/home/UserDevicesTable.vue", "vue", 0, 0, 0, 0, 0, 0, 138, 0, 0, 0, 0, 0, 0, 0, 15, 153
"/Users/tekoracle/Desktop/OTUTU/frontend/packages/website/app/components/account/home/payment-methods/AddCardDialog.vue", "vue", 0, 0, 0, 0, 0, 0, 142, 0, 0, 0, 0, 0, 0, 3, 23, 168
"/Users/tekoracle/Desktop/OTUTU/frontend/packages/website/app/components/account/home/payment-methods/CardForm.vue", "vue", 0, 0, 0, 0, 0, 0, 294, 0, 0, 0, 0, 0, 0, 6, 33, 333
"/Users/tekoracle/Desktop/OTUTU/frontend/packages/website/app/components/account/home/payment-methods/DeleteCardDialog.vue", "vue", 0, 0, 0, 0, 0, 0, 98, 0, 0, 0, 0, 0, 0, 0, 14, 112
"/Users/tekoracle/Desktop/OTUTU/frontend/packages/website/app/components/account/home/payment-methods/PaymentCard.vue", "vue", 0, 0, 0, 0, 0, 0, 128, 0, 0, 0, 0, 0, 0, 7, 12, 147
"/Users/tekoracle/Desktop/OTUTU/frontend/packages/website/app/components/account/home/payment-methods/PaymentCardSkeleton.vue", "vue", 0, 0, 0, 0, 0, 0, 29, 0, 0, 0, 0, 0, 0, 5, 2, 36
"/Users/tekoracle/Desktop/OTUTU/frontend/packages/website/app/components/account/home/payment-methods/ThreeDSecureModal.vue", "vue", 0, 0, 0, 0, 0, 0, 166, 0, 0, 0, 0, 0, 0, 5, 25, 196
"/Users/tekoracle/Desktop/OTUTU/frontend/packages/website/app/components/account/home/subscription-table/SubscriptionActionsCell.vue", "vue", 0, 0, 0, 0, 0, 0, 280, 0, 0, 0, 0, 0, 0, 0, 46, 326
"/Users/tekoracle/Desktop/OTUTU/frontend/packages/website/app/components/account/home/subscription-table/SubscriptionStatusChip.vue", "vue", 0, 0, 0, 0, 0, 0, 51, 0, 0, 0, 0, 0, 0, 0, 7, 58
"/Users/tekoracle/Desktop/OTUTU/frontend/packages/website/app/components/account/home/subscription-table/SubscriptionTableHeader.vue", "vue", 0, 0, 0, 0, 0, 0, 28, 0, 0, 0, 0, 0, 0, 0, 5, 33
"/Users/tekoracle/Desktop/OTUTU/frontend/packages/website/app/components/account/home/subscription-table/actions/BlockExplorerActionButton.vue", "vue", 0, 0, 0, 0, 0, 0, 33, 0, 0, 0, 0, 0, 0, 0, 5, 38
"/Users/tekoracle/Desktop/OTUTU/frontend/packages/website/app/components/account/home/subscription-table/actions/CancelActionButton.vue", "vue", 0, 0, 0, 0, 0, 0, 42, 0, 0, 0, 0, 0, 0, 0, 6, 48
"/Users/tekoracle/Desktop/OTUTU/frontend/packages/website/app/components/account/home/subscription-table/actions/CancelUpgradeActionButton.vue", "vue", 0, 0, 0, 0, 0, 0, 29, 0, 0, 0, 0, 0, 0, 0, 5, 34
"/Users/tekoracle/Desktop/OTUTU/frontend/packages/website/app/components/account/home/subscription-table/actions/PaymentDetailActionButton.vue", "vue", 0, 0, 0, 0, 0, 0, 28, 0, 0, 0, 0, 0, 0, 0, 5, 33
"/Users/tekoracle/Desktop/OTUTU/frontend/packages/website/app/components/account/home/subscription-table/actions/RenewActionButton.vue", "vue", 0, 0, 0, 0, 0, 0, 28, 0, 0, 0, 0, 0, 0, 0, 5, 33
"/Users/tekoracle/Desktop/OTUTU/frontend/packages/website/app/components/account/home/subscription-table/actions/ResumeActionButton.vue", "vue", 0, 0, 0, 0, 0, 0, 45, 0, 0, 0, 0, 0, 0, 0, 5, 50
"/Users/tekoracle/Desktop/OTUTU/frontend/packages/website/app/components/account/home/subscription-table/actions/UpgradeActionButton.vue", "vue", 0, 0, 0, 0, 0, 0, 28, 0, 0, 0, 0, 0, 0, 0, 5, 33
"/Users/tekoracle/Desktop/OTUTU/frontend/packages/website/app/components/account/home/subscription-table/config.ts", "TypeScript", 0, 0, 0, 0, 0, 46, 0, 0, 0, 0, 0, 0, 0, 6, 3, 55
"/Users/tekoracle/Desktop/OTUTU/frontend/packages/website/app/components/account/home/subscription-table/types.ts", "TypeScript", 0, 0, 0, 0, 0, 26, 0, 0, 0, 0, 0, 0, 0, 0, 6, 32
"/Users/tekoracle/Desktop/OTUTU/frontend/packages/website/app/components/account/login/LoginForm.vue", "vue", 0, 0, 0, 0, 0, 0, 141, 0, 0, 0, 0, 0, 0, 0, 14, 155
"/Users/tekoracle/Desktop/OTUTU/frontend/packages/website/app/components/account/login/LoginPage.vue", "vue", 0, 0, 0, 0, 0, 0, 10, 0, 0, 0, 0, 0, 0, 0, 2, 12
"/Users/tekoracle/Desktop/OTUTU/frontend/packages/website/app/components/account/password/PasswordChanged.vue", "vue", 0, 0, 0, 0, 0, 0, 29, 0, 0, 0, 0, 0, 0, 0, 3, 32
"/Users/tekoracle/Desktop/OTUTU/frontend/packages/website/app/components/account/password/PasswordForm.vue", "vue", 0, 0, 0, 0, 0, 0, 107, 0, 0, 0, 0, 0, 0, 0, 12, 119
"/Users/tekoracle/Desktop/OTUTU/frontend/packages/website/app/components/account/password/PasswordLinkSend.vue", "vue", 0, 0, 0, 0, 0, 0, 17, 0, 0, 0, 0, 0, 0, 0, 2, 19
"/Users/tekoracle/Desktop/OTUTU/frontend/packages/website/app/components/account/password/PasswordReset.vue", "vue", 0, 0, 0, 0, 0, 0, 203, 0, 0, 0, 0, 0, 0, 0, 15, 218
"/Users/tekoracle/Desktop/OTUTU/frontend/packages/website/app/components/account/signup/SignupAccount.vue", "vue", 0, 0, 0, 0, 0, 0, 155, 0, 0, 0, 0, 0, 0, 0, 13, 168
"/Users/tekoracle/Desktop/OTUTU/frontend/packages/website/app/components/account/signup/SignupAddress.vue", "vue", 0, 0, 0, 0, 0, 0, 224, 0, 0, 0, 0, 0, 0, 0, 18, 242
"/Users/tekoracle/Desktop/OTUTU/frontend/packages/website/app/components/account/signup/SignupCustomerInformation.vue", "vue", 0, 0, 0, 0, 0, 0, 129, 0, 0, 0, 0, 0, 0, 0, 12, 141
"/Users/tekoracle/Desktop/OTUTU/frontend/packages/website/app/components/account/signup/SignupForm.vue", "vue", 0, 0, 0, 0, 0, 0, 185, 0, 0, 0, 0, 0, 0, 0, 22, 207
"/Users/tekoracle/Desktop/OTUTU/frontend/packages/website/app/components/account/signup/SignupIntroduction.vue", "vue", 0, 0, 0, 0, 0, 0, 47, 0, 0, 0, 0, 0, 0, 0, 4, 51
"/Users/tekoracle/Desktop/OTUTU/frontend/packages/website/app/components/checkout/3d-secure/ErrorState.vue", "vue", 0, 0, 0, 0, 0, 0, 48, 0, 0, 0, 0, 0, 0, 5, 10, 63
"/Users/tekoracle/Desktop/OTUTU/frontend/packages/website/app/components/checkout/3d-secure/InvalidParamsState.vue", "vue", 0, 0, 0, 0, 0, 0, 75, 0, 0, 0, 0, 0, 0, 5, 8, 88
"/Users/tekoracle/Desktop/OTUTU/frontend/packages/website/app/components/checkout/3d-secure/LoadingState.vue", "vue", 0, 0, 0, 0, 0, 0, 74, 0, 0, 0, 0, 0, 0, 6, 11, 91
"/Users/tekoracle/Desktop/OTUTU/frontend/packages/website/app/components/checkout/3d-secure/PaymentInfoCard.vue", "vue", 0, 0, 0, 0, 0, 0, 58, 0, 0, 0, 0, 0, 0, 4, 12, 74
"/Users/tekoracle/Desktop/OTUTU/frontend/packages/website/app/components/checkout/common/CheckoutDescription.vue", "vue", 0, 0, 0, 0, 0, 0, 5, 0, 0, 0, 0, 0, 0, 0, 1, 6
"/Users/tekoracle/Desktop/OTUTU/frontend/packages/website/app/components/checkout/common/CheckoutTitle.vue", "vue", 0, 0, 0, 0, 0, 0, 5, 0, 0, 0, 0, 0, 0, 0, 1, 6
"/Users/tekoracle/Desktop/OTUTU/frontend/packages/website/app/components/checkout/common/OrderSummaryCard.vue", "vue", 0, 0, 0, 0, 0, 0, 123, 0, 0, 0, 0, 0, 0, 0, 19, 142
"/Users/tekoracle/Desktop/OTUTU/frontend/packages/website/app/components/checkout/common/PaymentFrame.vue", "vue", 0, 0, 0, 0, 0, 0, 73, 0, 0, 0, 0, 0, 0, 0, 13, 86
"/Users/tekoracle/Desktop/OTUTU/frontend/packages/website/app/components/checkout/pay/AcceptRefundPolicy.vue", "vue", 0, 0, 0, 0, 0, 0, 34, 0, 0, 0, 0, 0, 0, 0, 5, 39
"/Users/tekoracle/Desktop/OTUTU/frontend/packages/website/app/components/checkout/pay/DiscountCodeInput.vue", "vue", 0, 0, 0, 0, 0, 0, 150, 0, 0, 0, 0, 0, 0, 0, 19, 169
"/Users/tekoracle/Desktop/OTUTU/frontend/packages/website/app/components/checkout/pay/PaymentGrandTotal.vue", "vue", 0, 0, 0, 0, 0, 0, 98, 0, 0, 0, 0, 0, 0, 3, 12, 113
"/Users/tekoracle/Desktop/OTUTU/frontend/packages/website/app/components/checkout/pay/PaypalPage.vue", "vue", 0, 0, 0, 0, 0, 0, 20, 0, 0, 0, 0, 0, 0, 0, 3, 23
"/Users/tekoracle/Desktop/OTUTU/frontend/packages/website/app/components/checkout/pay/PaypalPayment.vue", "vue", 0, 0, 0, 0, 0, 0, 254, 0, 0, 0, 0, 0, 0, 3, 36, 293
"/Users/tekoracle/Desktop/OTUTU/frontend/packages/website/app/components/checkout/pay/SelectedPlanOverview.vue", "vue", 0, 0, 0, 0, 0, 0, 200, 0, 0, 0, 0, 0, 0, 0, 28, 228
"/Users/tekoracle/Desktop/OTUTU/frontend/packages/website/app/components/checkout/pay/crypto/ChangeCryptoPayment.vue", "vue", 0, 0, 0, 0, 0, 0, 59, 0, 0, 0, 0, 0, 0, 0, 9, 68
"/Users/tekoracle/Desktop/OTUTU/frontend/packages/website/app/components/checkout/pay/crypto/CryptoAssetIcon.vue", "vue", 0, 0, 0, 0, 0, 0, 32, 0, 0, 0, 0, 0, 0, 0, 3, 35
"/Users/tekoracle/Desktop/OTUTU/frontend/packages/website/app/components/checkout/pay/crypto/CryptoChainIcon.vue", "vue", 0, 0, 0, 0, 0, 0, 57, 0, 0, 0, 0, 0, 0, 0, 9, 66
"/Users/tekoracle/Desktop/OTUTU/frontend/packages/website/app/components/checkout/pay/crypto/payment/CryptoPaymentActions.vue", "vue", 0, 0, 0, 0, 0, 0, 89, 0, 0, 0, 0, 0, 0, 1, 11, 101
"/Users/tekoracle/Desktop/OTUTU/frontend/packages/website/app/components/checkout/pay/crypto/payment/CryptoPaymentContainer.vue", "vue", 0, 0, 0, 0, 0, 0, 81, 0, 0, 0, 0, 0, 0, 0, 14, 95
"/Users/tekoracle/Desktop/OTUTU/frontend/packages/website/app/components/checkout/pay/crypto/payment/CryptoPaymentDetails.vue", "vue", 0, 0, 0, 0, 0, 0, 74, 0, 0, 0, 0, 0, 0, 0, 9, 83
"/Users/tekoracle/Desktop/OTUTU/frontend/packages/website/app/components/checkout/pay/crypto/payment/CryptoPaymentForm.vue", "vue", 0, 0, 0, 0, 0, 0, 164, 0, 0, 0, 0, 0, 0, 7, 26, 197
"/Users/tekoracle/Desktop/OTUTU/frontend/packages/website/app/components/checkout/pay/crypto/payment/CryptoPaymentInfo.vue", "vue", 0, 0, 0, 0, 0, 0, 50, 0, 0, 0, 0, 0, 0, 0, 7, 57
"/Users/tekoracle/Desktop/OTUTU/frontend/packages/website/app/components/checkout/pay/crypto/payment/CryptoPaymentQr.vue", "vue", 0, 0, 0, 0, 0, 0, 121, 0, 0, 0, 0, 0, 0, 2, 17, 140
"/Users/tekoracle/Desktop/OTUTU/frontend/packages/website/app/components/checkout/pay/crypto/payment/CryptoPaymentStatus.vue", "vue", 0, 0, 0, 0, 0, 0, 45, 0, 0, 0, 0, 0, 0, 2, 4, 51
"/Users/tekoracle/Desktop/OTUTU/frontend/packages/website/app/components/checkout/pay/crypto/payment/CryptoWalletActions.vue", "vue", 0, 0, 0, 0, 0, 0, 72, 0, 0, 0, 0, 0, 0, 0, 9, 81
"/Users/tekoracle/Desktop/OTUTU/frontend/packages/website/app/components/checkout/pay/crypto/request/CryptoAssetSelector.vue", "vue", 0, 0, 0, 0, 0, 0, 138, 0, 0, 0, 0, 0, 0, 0, 21, 159
"/Users/tekoracle/Desktop/OTUTU/frontend/packages/website/app/components/checkout/pay/crypto/request/CryptoRequest.vue", "vue", 0, 0, 0, 0, 0, 0, 145, 0, 0, 0, 0, 0, 0, 0, 24, 169
"/Users/tekoracle/Desktop/OTUTU/frontend/packages/website/app/components/checkout/payment-method/PaymentMethodItem.vue", "vue", 0, 0, 0, 0, 0, 0, 24, 0, 0, 0, 0, 0, 0, 0, 3, 27
"/Users/tekoracle/Desktop/OTUTU/frontend/packages/website/app/components/checkout/payment-method/PaymentMethodSelection.vue", "vue", 0, 0, 0, 0, 0, 0, 187, 0, 0, 0, 0, 0, 0, 0, 25, 212
"/Users/tekoracle/Desktop/OTUTU/frontend/packages/website/app/components/checkout/plan/ChangePlanDialog.vue", "vue", 0, 0, 0, 0, 0, 0, 128, 0, 0, 0, 0, 0, 0, 0, 14, 142
"/Users/tekoracle/Desktop/OTUTU/frontend/packages/website/app/components/checkout/plan/SelectablePlan.vue", "vue", 0, 0, 0, 0, 0, 0, 190, 0, 0, 0, 0, 0, 0, 0, 27, 217
"/Users/tekoracle/Desktop/OTUTU/frontend/packages/website/app/components/common/AddressAvatar.vue", "vue", 0, 0, 0, 0, 0, 0, 75, 0, 0, 0, 0, 0, 0, 3, 16, 94
"/Users/tekoracle/Desktop/OTUTU/frontend/packages/website/app/components/common/AppLogo.vue", "vue", 0, 0, 0, 0, 0, 0, 72, 0, 0, 0, 0, 0, 0, 2, 8, 82
"/Users/tekoracle/Desktop/OTUTU/frontend/packages/website/app/components/common/AppShowcaseSlider.vue", "vue", 0, 0, 0, 0, 0, 0, 89, 0, 0, 0, 0, 0, 0, 1, 10, 100
"/Users/tekoracle/Desktop/OTUTU/frontend/packages/website/app/components/common/ButtonLink.vue", "vue", 0, 0, 0, 0, 0, 0, 111, 0, 0, 0, 0, 0, 0, 0, 13, 124
"/Users/tekoracle/Desktop/OTUTU/frontend/packages/website/app/components/common/Confetti.vue", "vue", 0, 0, 0, 0, 0, 0, 146, 0, 0, 0, 0, 0, 0, 0, 28, 174
"/Users/tekoracle/Desktop/OTUTU/frontend/packages/website/app/components/common/CopyButton.vue", "vue", 0, 0, 0, 0, 0, 0, 37, 0, 0, 0, 0, 0, 0, 0, 6, 43
"/Users/tekoracle/Desktop/OTUTU/frontend/packages/website/app/components/common/InputWithCopyButton.vue", "vue", 0, 0, 0, 0, 0, 0, 34, 0, 0, 0, 0, 0, 0, 0, 6, 40
"/Users/tekoracle/Desktop/OTUTU/frontend/packages/website/app/components/common/NavigationMenu.vue", "vue", 0, 0, 0, 0, 0, 0, 192, 0, 0, 0, 0, 0, 0, 0, 10, 202
"/Users/tekoracle/Desktop/OTUTU/frontend/packages/website/app/components/common/PageContainer.vue", "vue", 0, 0, 0, 0, 0, 0, 41, 0, 0, 0, 0, 0, 0, 0, 3, 44
"/Users/tekoracle/Desktop/OTUTU/frontend/packages/website/app/components/common/PageContent.vue", "vue", 0, 0, 0, 0, 0, 0, 5, 0, 0, 0, 0, 0, 0, 0, 1, 6
"/Users/tekoracle/Desktop/OTUTU/frontend/packages/website/app/components/common/Recaptcha.client.vue", "vue", 0, 0, 0, 0, 0, 0, 83, 0, 0, 0, 0, 0, 0, 0, 12, 95
"/Users/tekoracle/Desktop/OTUTU/frontend/packages/website/app/components/common/carousel/Carousel.vue", "vue", 0, 0, 0, 0, 0, 0, 39, 0, 0, 0, 0, 0, 0, 0, 3, 42
"/Users/tekoracle/Desktop/OTUTU/frontend/packages/website/app/components/common/carousel/CarouselControls.vue", "vue", 0, 0, 0, 0, 0, 0, 33, 0, 0, 0, 0, 0, 0, 0, 7, 40
"/Users/tekoracle/Desktop/OTUTU/frontend/packages/website/app/components/content/ProseA.vue", "vue", 0, 0, 0, 0, 0, 0, 24, 0, 0, 0, 0, 0, 0, 0, 2, 26
"/Users/tekoracle/Desktop/OTUTU/frontend/packages/website/app/components/content/ProseH2.vue", "vue", 0, 0, 0, 0, 0, 0, 27, 0, 0, 0, 0, 0, 0, 0, 5, 32
"/Users/tekoracle/Desktop/OTUTU/frontend/packages/website/app/components/content/ProseH3.vue", "vue", 0, 0, 0, 0, 0, 0, 27, 0, 0, 0, 0, 0, 0, 0, 5, 32
"/Users/tekoracle/Desktop/OTUTU/frontend/packages/website/app/components/content/ProseH5.vue", "vue", 0, 0, 0, 0, 0, 0, 5, 0, 0, 0, 0, 0, 0, 0, 1, 6
"/Users/tekoracle/Desktop/OTUTU/frontend/packages/website/app/components/content/ProseH6.vue", "vue", 0, 0, 0, 0, 0, 0, 5, 0, 0, 0, 0, 0, 0, 0, 1, 6
"/Users/tekoracle/Desktop/OTUTU/frontend/packages/website/app/components/content/ProseHr.vue", "vue", 0, 0, 0, 0, 0, 0, 3, 0, 0, 0, 0, 0, 0, 0, 1, 4
"/Users/tekoracle/Desktop/OTUTU/frontend/packages/website/app/components/content/ProseLi.vue", "vue", 0, 0, 0, 0, 0, 0, 15, 0, 0, 0, 0, 0, 0, 0, 2, 17
"/Users/tekoracle/Desktop/OTUTU/frontend/packages/website/app/components/content/ProseP.vue", "vue", 0, 0, 0, 0, 0, 0, 5, 0, 0, 0, 0, 0, 0, 0, 1, 6
"/Users/tekoracle/Desktop/OTUTU/frontend/packages/website/app/components/content/ProseStrong.vue", "vue", 0, 0, 0, 0, 0, 0, 5, 0, 0, 0, 0, 0, 0, 0, 1, 6
"/Users/tekoracle/Desktop/OTUTU/frontend/packages/website/app/components/content/ProseUl.vue", "vue", 0, 0, 0, 0, 0, 0, 5, 0, 0, 0, 0, 0, 0, 0, 1, 6
"/Users/tekoracle/Desktop/OTUTU/frontend/packages/website/app/components/documents/MarkdownContent.vue", "vue", 0, 0, 0, 0, 0, 0, 65, 0, 0, 0, 0, 0, 0, 0, 7, 72
"/Users/tekoracle/Desktop/OTUTU/frontend/packages/website/app/components/download/DownloadDocs.vue", "vue", 0, 0, 0, 0, 0, 0, 35, 0, 0, 0, 0, 0, 0, 0, 4, 39
"/Users/tekoracle/Desktop/OTUTU/frontend/packages/website/app/components/download/DownloadHeading.vue", "vue", 0, 0, 0, 0, 0, 0, 189, 0, 0, 0, 0, 0, 0, 0, 15, 204
"/Users/tekoracle/Desktop/OTUTU/frontend/packages/website/app/components/download/DownloadItem.vue", "vue", 0, 0, 0, 0, 0, 0, 108, 0, 0, 0, 0, 0, 0, 0, 5, 113
"/Users/tekoracle/Desktop/OTUTU/frontend/packages/website/app/components/download/DownloadPreview.vue", "vue", 0, 0, 0, 0, 0, 0, 8, 0, 0, 0, 0, 0, 0, 0, 2, 10
"/Users/tekoracle/Desktop/OTUTU/frontend/packages/website/app/components/error/GenericError.vue", "vue", 0, 0, 0, 0, 0, 0, 24, 0, 0, 0, 0, 0, 0, 0, 5, 29
"/Users/tekoracle/Desktop/OTUTU/frontend/packages/website/app/components/error/NotFoundError.vue", "vue", 0, 0, 0, 0, 0, 0, 46, 0, 0, 0, 0, 0, 0, 0, 10, 56
"/Users/tekoracle/Desktop/OTUTU/frontend/packages/website/app/components/footer/FooterIconLinks.vue", "vue", 0, 0, 0, 0, 0, 0, 55, 0, 0, 0, 0, 0, 0, 0, 4, 59
"/Users/tekoracle/Desktop/OTUTU/frontend/packages/website/app/components/footer/FooterNavigation.vue", "vue", 0, 0, 0, 0, 0, 0, 127, 0, 0, 0, 0, 0, 0, 0, 6, 133
"/Users/tekoracle/Desktop/OTUTU/frontend/packages/website/app/components/footer/PageFooter.vue", "vue", 0, 0, 0, 0, 0, 0, 64, 0, 0, 0, 0, 0, 0, 0, 5, 69
"/Users/tekoracle/Desktop/OTUTU/frontend/packages/website/app/components/header/PageHeader.vue", "vue", 0, 0, 0, 0, 0, 0, 92, 0, 0, 0, 0, 0, 0, 0, 10, 102
"/Users/tekoracle/Desktop/OTUTU/frontend/packages/website/app/components/home/DynamicMessageDisplay.vue", "vue", 0, 0, 0, 0, 0, 0, 65, 0, 0, 0, 0, 0, 0, 0, 7, 72
"/Users/tekoracle/Desktop/OTUTU/frontend/packages/website/app/components/home/HomeBanner.vue", "vue", 0, 0, 0, 0, 0, 0, 76, 0, 0, 0, 0, 0, 0, 0, 4, 80
"/Users/tekoracle/Desktop/OTUTU/frontend/packages/website/app/components/home/PremiumFeatures.vue", "vue", 0, 0, 0, 0, 0, 0, 75, 0, 0, 0, 0, 0, 0, 0, 5, 80
"/Users/tekoracle/Desktop/OTUTU/frontend/packages/website/app/components/home/features/FeatureList.vue", "vue", 0, 0, 0, 0, 0, 0, 109, 0, 0, 0, 0, 0, 0, 0, 6, 115
"/Users/tekoracle/Desktop/OTUTU/frontend/packages/website/app/components/home/features/details/AppDashboard.vue", "vue", 0, 0, 0, 0, 0, 0, 44, 0, 0, 0, 0, 0, 0, 0, 2, 46
"/Users/tekoracle/Desktop/OTUTU/frontend/packages/website/app/components/home/features/details/EvmProtocols.vue", "vue", 0, 0, 0, 0, 0, 0, 118, 0, 0, 0, 0, 0, 0, 0, 8, 126
"/Users/tekoracle/Desktop/OTUTU/frontend/packages/website/app/components/home/features/details/HistoryEvents.vue", "vue", 0, 0, 0, 0, 0, 0, 61, 0, 0, 0, 0, 0, 0, 0, 4, 65
"/Users/tekoracle/Desktop/OTUTU/frontend/packages/website/app/components/home/features/details/ProfitLossReport.vue", "vue", 0, 0, 0, 0, 0, 0, 41, 0, 0, 0, 0, 0, 0, 0, 2, 43
"/Users/tekoracle/Desktop/OTUTU/frontend/packages/website/app/components/home/features/details/SupportedExchangeDetails.vue", "vue", 0, 0, 0, 0, 0, 0, 56, 0, 0, 0, 0, 0, 0, 0, 5, 61
"/Users/tekoracle/Desktop/OTUTU/frontend/packages/website/app/components/home/testimonials/Testimonial.vue", "vue", 0, 0, 0, 0, 0, 0, 74, 0, 0, 0, 0, 0, 0, 0, 5, 79
"/Users/tekoracle/Desktop/OTUTU/frontend/packages/website/app/components/home/testimonials/TestimonialCarousel.vue", "vue", 0, 0, 0, 0, 0, 0, 82, 0, 0, 0, 0, 0, 0, 0, 5, 87
"/Users/tekoracle/Desktop/OTUTU/frontend/packages/website/app/components/home/testimonials/Testimonials.vue", "vue", 0, 0, 0, 0, 0, 0, 26, 0, 0, 0, 0, 0, 0, 0, 4, 30
"/Users/tekoracle/Desktop/OTUTU/frontend/packages/website/app/components/icons/BlueskyIcon.vue", "vue", 0, 0, 0, 0, 0, 0, 13, 0, 0, 0, 0, 0, 0, 0, 2, 15
"/Users/tekoracle/Desktop/OTUTU/frontend/packages/website/app/components/icons/FarcasterIcon.vue", "vue", 0, 0, 0, 0, 0, 0, 15, 0, 0, 0, 0, 0, 0, 0, 2, 17
"/Users/tekoracle/Desktop/OTUTU/frontend/packages/website/app/components/icons/TwitterIcon.vue", "vue", 0, 0, 0, 0, 0, 0, 13, 0, 0, 0, 0, 0, 0, 0, 2, 15
"/Users/tekoracle/Desktop/OTUTU/frontend/packages/website/app/components/icons/WhatsAppIcon.vue", "vue", 0, 0, 0, 0, 0, 0, 13, 0, 0, 0, 0, 0, 0, 0, 2, 15
"/Users/tekoracle/Desktop/OTUTU/frontend/packages/website/app/components/integration/IntegrationDetails.vue", "vue", 0, 0, 0, 0, 0, 0, 170, 0, 0, 0, 0, 0, 0, 0, 16, 186
"/Users/tekoracle/Desktop/OTUTU/frontend/packages/website/app/components/jobs/JobDescription.vue", "vue", 0, 0, 0, 0, 0, 0, 32, 0, 0, 0, 0, 0, 0, 0, 3, 35
"/Users/tekoracle/Desktop/OTUTU/frontend/packages/website/app/components/jobs/JobDetail.vue", "vue", 0, 0, 0, 0, 0, 0, 65, 0, 0, 0, 0, 0, 0, 0, 9, 74
"/Users/tekoracle/Desktop/OTUTU/frontend/packages/website/app/components/jobs/JobTag.vue", "vue", 0, 0, 0, 0, 0, 0, 35, 0, 0, 0, 0, 0, 0, 0, 6, 41
"/Users/tekoracle/Desktop/OTUTU/frontend/packages/website/app/components/oauth/OAuthPage.vue", "vue", 0, 0, 0, 0, 0, 0, 118, 0, 0, 0, 0, 0, 0, 0, 14, 132
"/Users/tekoracle/Desktop/OTUTU/frontend/packages/website/app/components/pricings/PricingFeatureItem.vue", "vue", 0, 0, 0, 0, 0, 0, 12, 0, 0, 0, 0, 0, 0, 0, 1, 13
"/Users/tekoracle/Desktop/OTUTU/frontend/packages/website/app/components/pricings/PricingHeading.vue", "vue", 0, 0, 0, 0, 0, 0, 15, 0, 0, 0, 0, 0, 0, 0, 3, 18
"/Users/tekoracle/Desktop/OTUTU/frontend/packages/website/app/components/pricings/PricingPeriodTab.vue", "vue", 0, 0, 0, 0, 0, 0, 63, 0, 0, 0, 0, 0, 0, 0, 12, 75
"/Users/tekoracle/Desktop/OTUTU/frontend/packages/website/app/components/pricings/PricingSection.vue", "vue", 0, 0, 0, 0, 0, 0, 61, 0, 0, 0, 0, 0, 0, 4, 9, 74
"/Users/tekoracle/Desktop/OTUTU/frontend/packages/website/app/components/pricings/PricingTable.vue", "vue", 0, 0, 0, 0, 0, 0, 117, 0, 0, 0, 0, 0, 0, 0, 5, 122
"/Users/tekoracle/Desktop/OTUTU/frontend/packages/website/app/components/pricings/PricingTableButton.vue", "vue", 0, 0, 0, 0, 0, 0, 61, 0, 0, 0, 0, 0, 0, 0, 10, 71
"/Users/tekoracle/Desktop/OTUTU/frontend/packages/website/app/components/pricings/PricingTableCell.vue", "vue", 0, 0, 0, 0, 0, 0, 39, 0, 0, 0, 0, 0, 0, 0, 2, 41
"/Users/tekoracle/Desktop/OTUTU/frontend/packages/website/app/components/pricings/PricingTabs.vue", "vue", 0, 0, 0, 0, 0, 0, 96, 0, 0, 0, 0, 0, 0, 0, 7, 103
"/Users/tekoracle/Desktop/OTUTU/frontend/packages/website/app/components/pricings/PricingTierComparison.vue", "vue", 0, 0, 0, 0, 0, 0, 172, 0, 0, 0, 0, 0, 0, 0, 30, 202
"/Users/tekoracle/Desktop/OTUTU/frontend/packages/website/app/components/pricings/PricingTierComparisonSkeleton.vue", "vue", 0, 0, 0, 0, 0, 0, 40, 0, 0, 0, 0, 0, 0, 0, 1, 41
"/Users/tekoracle/Desktop/OTUTU/frontend/packages/website/app/components/pricings/type.ts", "TypeScript", 0, 0, 0, 0, 0, 15, 0, 0, 0, 0, 0, 0, 0, 0, 5, 20
"/Users/tekoracle/Desktop/OTUTU/frontend/packages/website/app/components/pricings/utils.ts", "TypeScript", 0, 0, 0, 0, 0, 29, 0, 0, 0, 0, 0, 0, 0, 0, 10, 39
"/Users/tekoracle/Desktop/OTUTU/frontend/packages/website/app/components/products/ProductsAnalytics.vue", "vue", 0, 0, 0, 0, 0, 0, 72, 0, 0, 0, 0, 0, 0, 0, 3, 75
"/Users/tekoracle/Desktop/OTUTU/frontend/packages/website/app/components/products/ProductsBlocks.vue", "vue", 0, 0, 0, 0, 0, 0, 49, 0, 0, 0, 0, 0, 0, 0, 3, 52
"/Users/tekoracle/Desktop/OTUTU/frontend/packages/website/app/components/products/ProductsButtons.vue", "vue", 0, 0, 0, 0, 0, 0, 69, 0, 0, 0, 0, 0, 0, 0, 10, 79
"/Users/tekoracle/Desktop/OTUTU/frontend/packages/website/app/components/products/ProductsFooter.vue", "vue", 0, 0, 0, 0, 0, 0, 14, 0, 0, 0, 0, 0, 0, 0, 3, 17
"/Users/tekoracle/Desktop/OTUTU/frontend/packages/website/app/components/products/ProductsHeading.vue", "vue", 0, 0, 0, 0, 0, 0, 22, 0, 0, 0, 0, 0, 0, 0, 3, 25
"/Users/tekoracle/Desktop/OTUTU/frontend/packages/website/app/components/products/ProductsLimits.vue", "vue", 0, 0, 0, 0, 0, 0, 72, 0, 0, 0, 0, 0, 0, 0, 3, 75
"/Users/tekoracle/Desktop/OTUTU/frontend/packages/website/app/components/products/ProductsMoneriumAndSync.vue", "vue", 0, 0, 0, 0, 0, 0, 58, 0, 0, 0, 0, 0, 0, 0, 4, 62
"/Users/tekoracle/Desktop/OTUTU/frontend/packages/website/app/components/products/ProductsTimeframe.vue", "vue", 0, 0, 0, 0, 0, 0, 54, 0, 0, 0, 0, 0, 0, 0, 3, 57
"/Users/tekoracle/Desktop/OTUTU/frontend/packages/website/app/components/products/ProductsUnlockNudge.vue", "vue", 0, 0, 0, 0, 0, 0, 32, 0, 0, 0, 0, 0, 0, 0, 3, 35
"/Users/tekoracle/Desktop/OTUTU/frontend/packages/website/app/components/sponsor/MintBenefitsInfo.vue", "vue", 0, 0, 0, 0, 0, 0, 77, 0, 0, 0, 0, 0, 0, 1, 9, 87
"/Users/tekoracle/Desktop/OTUTU/frontend/packages/website/app/components/sponsor/MintButton.vue", "vue", 0, 0, 0, 0, 0, 0, 130, 0, 0, 0, 0, 0, 0, 3, 10, 143
"/Users/tekoracle/Desktop/OTUTU/frontend/packages/website/app/components/sponsor/MintCurrencySelection.vue", "vue", 0, 0, 0, 0, 0, 0, 63, 0, 0, 0, 0, 0, 0, 0, 7, 70
"/Users/tekoracle/Desktop/OTUTU/frontend/packages/website/app/components/sponsor/MintNftImage.vue", "vue", 0, 0, 0, 0, 0, 0, 77, 0, 0, 0, 0, 0, 0, 0, 8, 85
"/Users/tekoracle/Desktop/OTUTU/frontend/packages/website/app/components/sponsor/MintSuccessDialog.vue", "vue", 0, 0, 0, 0, 0, 0, 104, 0, 0, 0, 0, 0, 0, 0, 13, 117
"/Users/tekoracle/Desktop/OTUTU/frontend/packages/website/app/components/sponsor/MintTierSelection.vue", "vue", 0, 0, 0, 0, 0, 0, 65, 0, 0, 0, 0, 0, 0, 0, 6, 71
"/Users/tekoracle/Desktop/OTUTU/frontend/packages/website/app/components/sponsor/NftSubmissionForm.vue", "vue", 0, 0, 0, 0, 0, 0, 621, 0, 0, 0, 0, 0, 0, 0, 81, 702
"/Users/tekoracle/Desktop/OTUTU/frontend/packages/website/app/components/sponsor/NftSubmissionItem.vue", "vue", 0, 0, 0, 0, 0, 0, 85, 0, 0, 0, 0, 0, 0, 0, 6, 91
"/Users/tekoracle/Desktop/OTUTU/frontend/packages/website/app/components/sponsor/NftSubmissionItemChips.vue", "vue", 0, 0, 0, 0, 0, 0, 50, 0, 0, 0, 0, 0, 0, 0, 6, 56
"/Users/tekoracle/Desktop/OTUTU/frontend/packages/website/app/components/sponsor/NftSubmissionsList.vue", "vue", 0, 0, 0, 0, 0, 0, 122, 0, 0, 0, 0, 0, 0, 0, 14, 136
"/Users/tekoracle/Desktop/OTUTU/frontend/packages/website/app/components/sponsor/SponsorWalletConnectionCard.vue", "vue", 0, 0, 0, 0, 0, 0, 103, 0, 0, 0, 0, 0, 0, 0, 10, 113
"/Users/tekoracle/Desktop/OTUTU/frontend/packages/website/app/components/values/ValueBody.vue", "vue", 0, 0, 0, 0, 0, 0, 70, 0, 0, 0, 0, 0, 0, 0, 3, 73
"/Users/tekoracle/Desktop/OTUTU/frontend/packages/website/app/components/values/ValueBodyItem.vue", "vue", 0, 0, 0, 0, 0, 0, 24, 0, 0, 0, 0, 0, 0, 0, 2, 26
"/Users/tekoracle/Desktop/OTUTU/frontend/packages/website/app/components/values/ValueContact.vue", "vue", 0, 0, 0, 0, 0, 0, 89, 0, 0, 0, 0, 0, 0, 0, 5, 94
"/Users/tekoracle/Desktop/OTUTU/frontend/packages/website/app/components/values/ValueHeading.vue", "vue", 0, 0, 0, 0, 0, 0, 15, 0, 0, 0, 0, 0, 0, 0, 2, 17
"/Users/tekoracle/Desktop/OTUTU/frontend/packages/website/app/components/values/ValueVision.vue", "vue", 0, 0, 0, 0, 0, 0, 57, 0, 0, 0, 0, 0, 0, 0, 4, 61
"/Users/tekoracle/Desktop/OTUTU/frontend/packages/website/app/composables/account/use-account-api.ts", "TypeScript", 0, 0, 0, 0, 0, 211, 0, 0, 0, 0, 0, 0, 0, 22, 18, 251
"/Users/tekoracle/Desktop/OTUTU/frontend/packages/website/app/composables/account/use-api-keys.ts", "TypeScript", 0, 0, 0, 0, 0, 38, 0, 0, 0, 0, 0, 0, 0, 0, 6, 44
"/Users/tekoracle/Desktop/OTUTU/frontend/packages/website/app/composables/account/use-auth-api.ts", "TypeScript", 0, 0, 0, 0, 0, 42, 0, 0, 0, 0, 0, 0, 0, 10, 5, 57
"/Users/tekoracle/Desktop/OTUTU/frontend/packages/website/app/composables/account/use-auto-logout.ts", "TypeScript", 0, 0, 0, 0, 0, 14, 0, 0, 0, 0, 0, 0, 0, 0, 4, 18
"/Users/tekoracle/Desktop/OTUTU/frontend/packages/website/app/composables/account/use-oauth.ts", "TypeScript", 0, 0, 0, 0, 0, 112, 0, 0, 0, 0, 0, 0, 0, 21, 23, 156
"/Users/tekoracle/Desktop/OTUTU/frontend/packages/website/app/composables/account/use-pkce.ts", "TypeScript", 0, 0, 0, 0, 0, 51, 0, 0, 0, 0, 0, 0, 0, 21, 9, 81
"/Users/tekoracle/Desktop/OTUTU/frontend/packages/website/app/composables/account/use-profile-update.ts", "TypeScript", 0, 0, 0, 0, 0, 58, 0, 0, 0, 0, 0, 0, 0, 3, 14, 75
"/Users/tekoracle/Desktop/OTUTU/frontend/packages/website/app/composables/account/use-referral-code.ts", "TypeScript", 0, 0, 0, 0, 0, 92, 0, 0, 0, 0, 0, 0, 0, 6, 10, 108
"/Users/tekoracle/Desktop/OTUTU/frontend/packages/website/app/composables/account/use-user-devices.ts", "TypeScript", 0, 0, 0, 0, 0, 78, 0, 0, 0, 0, 0, 0, 0, 0, 9, 87
"/Users/tekoracle/Desktop/OTUTU/frontend/packages/website/app/composables/account/use-user-payments.ts", "TypeScript", 0, 0, 0, 0, 0, 45, 0, 0, 0, 0, 0, 0, 0, 0, 7, 52
"/Users/tekoracle/Desktop/OTUTU/frontend/packages/website/app/composables/checkout/use-braintree-client.ts", "TypeScript", 0, 0, 0, 0, 0, 74, 0, 0, 0, 0, 0, 0, 0, 11, 12, 97
"/Users/tekoracle/Desktop/OTUTU/frontend/packages/website/app/composables/checkout/use-braintree.ts", "TypeScript", 0, 0, 0, 0, 0, 232, 0, 0, 0, 0, 0, 0, 0, 2, 24, 258
"/Users/tekoracle/Desktop/OTUTU/frontend/packages/website/app/composables/checkout/use-card-three-d-secure.ts", "TypeScript", 0, 0, 0, 0, 0, 207, 0, 0, 0, 0, 0, 0, 0, 6, 42, 255
"/Users/tekoracle/Desktop/OTUTU/frontend/packages/website/app/composables/checkout/use-crypto-payment-api.ts", "TypeScript", 0, 0, 0, 0, 0, 319, 0, 0, 0, 0, 0, 0, 0, 30, 25, 374
"/Users/tekoracle/Desktop/OTUTU/frontend/packages/website/app/composables/checkout/use-crypto-payment-flow-purchase.ts", "TypeScript", 0, 0, 0, 0, 0, 142, 0, 0, 0, 0, 0, 0, 0, 30, 26, 198
"/Users/tekoracle/Desktop/OTUTU/frontend/packages/website/app/composables/checkout/use-crypto-payment-flow-upgrade.ts", "TypeScript", 0, 0, 0, 0, 0, 142, 0, 0, 0, 0, 0, 0, 0, 30, 26, 198
"/Users/tekoracle/Desktop/OTUTU/frontend/packages/website/app/composables/checkout/use-crypto-payment-flow.ts", "TypeScript", 0, 0, 0, 0, 0, 176, 0, 0, 0, 0, 0, 0, 0, 32, 27, 235
"/Users/tekoracle/Desktop/OTUTU/frontend/packages/website/app/composables/checkout/use-crypto-payment-navigation.ts", "TypeScript", 0, 0, 0, 0, 0, 56, 0, 0, 0, 0, 0, 0, 0, 21, 12, 89
"/Users/tekoracle/Desktop/OTUTU/frontend/packages/website/app/composables/checkout/use-crypto-payment-state.ts", "TypeScript", 0, 0, 0, 0, 0, 87, 0, 0, 0, 0, 0, 0, 0, 12, 18, 117
"/Users/tekoracle/Desktop/OTUTU/frontend/packages/website/app/composables/checkout/use-crypto-payment.ts", "TypeScript", 0, 0, 0, 0, 0, 148, 0, 0, 0, 0, 0, 0, 0, 8, 27, 183
"/Users/tekoracle/Desktop/OTUTU/frontend/packages/website/app/composables/checkout/use-free-plan-features.ts", "TypeScript", 0, 0, 0, 0, 0, 13, 0, 0, 0, 0, 0, 0, 0, 0, 2, 15
"/Users/tekoracle/Desktop/OTUTU/frontend/packages/website/app/composables/checkout/use-payment-api.ts", "TypeScript", 0, 0, 0, 0, 0, 108, 0, 0, 0, 0, 0, 0, 0, 10, 8, 126
"/Users/tekoracle/Desktop/OTUTU/frontend/packages/website/app/composables/checkout/use-payment-assets.ts", "TypeScript", 0, 0, 0, 0, 0, 28, 0, 0, 0, 0, 0, 0, 0, 4, 6, 38
"/Users/tekoracle/Desktop/OTUTU/frontend/packages/website/app/composables/checkout/use-payment-cards.ts", "TypeScript", 0, 0, 0, 0, 0, 127, 0, 0, 0, 0, 0, 0, 0, 0, 10, 137
"/Users/tekoracle/Desktop/OTUTU/frontend/packages/website/app/composables/checkout/use-paypal-api.ts", "TypeScript", 0, 0, 0, 0, 0, 84, 0, 0, 0, 0, 0, 0, 0, 16, 7, 107
"/Users/tekoracle/Desktop/OTUTU/frontend/packages/website/app/composables/checkout/use-pending-tx.ts", "TypeScript", 0, 0, 0, 0, 0, 7, 0, 0, 0, 0, 0, 0, 0, 5, 2, 14
"/Users/tekoracle/Desktop/OTUTU/frontend/packages/website/app/composables/checkout/use-plan-params.ts", "TypeScript", 0, 0, 0, 0, 0, 56, 0, 0, 0, 0, 0, 0, 0, 8, 18, 82
"/Users/tekoracle/Desktop/OTUTU/frontend/packages/website/app/composables/checkout/use-selected-plan.ts", "TypeScript", 0, 0, 0, 0, 0, 18, 0, 0, 0, 0, 0, 0, 0, 0, 6, 24
"/Users/tekoracle/Desktop/OTUTU/frontend/packages/website/app/composables/checkout/use-three-d-secure.ts", "TypeScript", 0, 0, 0, 0, 0, 222, 0, 0, 0, 0, 0, 0, 0, 36, 38, 296
"/Users/tekoracle/Desktop/OTUTU/frontend/packages/website/app/composables/checkout/use-vat-check.ts", "TypeScript", 0, 0, 0, 0, 0, 80, 0, 0, 0, 0, 0, 0, 0, 18, 11, 109
"/Users/tekoracle/Desktop/OTUTU/frontend/packages/website/app/composables/rotki-sponsorship/constants.ts", "TypeScript", 0, 0, 0, 0, 0, 38, 0, 0, 0, 0, 0, 0, 0, 1, 5, 44
"/Users/tekoracle/Desktop/OTUTU/frontend/packages/website/app/composables/rotki-sponsorship/contract-helpers.ts", "TypeScript", 0, 0, 0, 0, 0, 79, 0, 0, 0, 0, 0, 0, 0, 5, 16, 100
"/Users/tekoracle/Desktop/OTUTU/frontend/packages/website/app/composables/rotki-sponsorship/contract.ts", "TypeScript", 0, 0, 0, 0, 0, 73, 0, 0, 0, 0, 0, 0, 0, 37, 14, 124
"/Users/tekoracle/Desktop/OTUTU/frontend/packages/website/app/composables/rotki-sponsorship/rpc-checker.ts", "TypeScript", 0, 0, 0, 0, 0, 176, 0, 0, 0, 0, 0, 0, 0, 66, 42, 284
"/Users/tekoracle/Desktop/OTUTU/frontend/packages/website/app/composables/rotki-sponsorship/types.ts", "TypeScript", 0, 0, 0, 0, 0, 83, 0, 0, 0, 0, 0, 0, 0, 1, 21, 105
"/Users/tekoracle/Desktop/OTUTU/frontend/packages/website/app/composables/rotki-sponsorship/use-nft-config.ts", "TypeScript", 0, 0, 0, 0, 0, 10, 0, 0, 0, 0, 0, 0, 0, 1, 3, 14
"/Users/tekoracle/Desktop/OTUTU/frontend/packages/website/app/composables/rotki-sponsorship/use-nft-metadata.ts", "TypeScript", 0, 0, 0, 0, 0, 30, 0, 0, 0, 0, 0, 0, 0, 0, 9, 39
"/Users/tekoracle/Desktop/OTUTU/frontend/packages/website/app/composables/rotki-sponsorship/use-nft-submissions.ts", "TypeScript", 0, 0, 0, 0, 0, 72, 0, 0, 0, 0, 0, 0, 0, 5, 13, 90
"/Users/tekoracle/Desktop/OTUTU/frontend/packages/website/app/composables/rotki-sponsorship/use-payment-tokens.ts", "TypeScript", 0, 0, 0, 0, 0, 52, 0, 0, 0, 0, 0, 0, 0, 3, 11, 66
"/Users/tekoracle/Desktop/OTUTU/frontend/packages/website/app/composables/rotki-sponsorship/use-payment.ts", "TypeScript", 0, 0, 0, 0, 0, 273, 0, 0, 0, 0, 0, 0, 0, 22, 43, 338
"/Users/tekoracle/Desktop/OTUTU/frontend/packages/website/app/composables/rotki-sponsorship/use-siwe-auth.ts", "TypeScript", 0, 0, 0, 0, 0, 129, 0, 0, 0, 0, 0, 0, 0, 14, 28, 171
"/Users/tekoracle/Desktop/OTUTU/frontend/packages/website/app/composables/rotki-sponsorship/use-sponsorship-feature.ts", "TypeScript", 0, 0, 0, 0, 0, 7, 0, 0, 0, 0, 0, 0, 0, 0, 2, 9
"/Users/tekoracle/Desktop/OTUTU/frontend/packages/website/app/composables/rotki-sponsorship/use-sponsorship.ts", "TypeScript", 0, 0, 0, 0, 0, 106, 0, 0, 0, 0, 0, 0, 0, 19, 18, 143
"/Users/tekoracle/Desktop/OTUTU/frontend/packages/website/app/composables/rotki-sponsorship/utils.ts", "TypeScript", 0, 0, 0, 0, 0, 22, 0, 0, 0, 0, 0, 0, 0, 13, 8, 43
"/Users/tekoracle/Desktop/OTUTU/frontend/packages/website/app/composables/subscription/use-fetch-user-subscriptions.ts", "TypeScript", 0, 0, 0, 0, 0, 18, 0, 0, 0, 0, 0, 0, 0, 4, 5, 27
"/Users/tekoracle/Desktop/OTUTU/frontend/packages/website/app/composables/subscription/use-subscription-actions.ts", "TypeScript", 0, 0, 0, 0, 0, 63, 0, 0, 0, 0, 0, 0, 0, 18, 11, 92
"/Users/tekoracle/Desktop/OTUTU/frontend/packages/website/app/composables/subscription/use-subscription-crypto-payment.ts", "TypeScript", 0, 0, 0, 0, 0, 91, 0, 0, 0, 0, 0, 0, 0, 15, 19, 125
"/Users/tekoracle/Desktop/OTUTU/frontend/packages/website/app/composables/subscription/use-subscription-display.ts", "TypeScript", 0, 0, 0, 0, 0, 37, 0, 0, 0, 0, 0, 0, 0, 9, 9, 55
"/Users/tekoracle/Desktop/OTUTU/frontend/packages/website/app/composables/subscription/use-subscription-operations.ts", "TypeScript", 0, 0, 0, 0, 0, 83, 0, 0, 0, 0, 0, 0, 0, 4, 18, 105
"/Users/tekoracle/Desktop/OTUTU/frontend/packages/website/app/composables/subscription/use-subscription-plan-info.ts", "TypeScript", 0, 0, 0, 0, 0, 27, 0, 0, 0, 0, 0, 0, 0, 9, 7, 43
"/Users/tekoracle/Desktop/OTUTU/frontend/packages/website/app/composables/subscription/use-subscription-polling.ts", "TypeScript", 0, 0, 0, 0, 0, 41, 0, 0, 0, 0, 0, 0, 0, 6, 7, 54
"/Users/tekoracle/Desktop/OTUTU/frontend/packages/website/app/composables/subscription/use-subscription-status.ts", "TypeScript", 0, 0, 0, 0, 0, 33, 0, 0, 0, 0, 0, 0, 0, 9, 5, 47
"/Users/tekoracle/Desktop/OTUTU/frontend/packages/website/app/composables/subscription/use-subscription.ts", "TypeScript", 0, 0, 0, 0, 0, 88, 0, 0, 0, 0, 0, 0, 0, 2, 15, 105
"/Users/tekoracle/Desktop/OTUTU/frontend/packages/website/app/composables/subscription/use-user-subscriptions.ts", "TypeScript", 0, 0, 0, 0, 0, 71, 0, 0, 0, 0, 0, 0, 0, 13, 10, 94
"/Users/tekoracle/Desktop/OTUTU/frontend/packages/website/app/composables/tiers/use-available-plans.ts", "TypeScript", 0, 0, 0, 0, 0, 100, 0, 0, 0, 0, 0, 0, 0, 3, 21, 124
"/Users/tekoracle/Desktop/OTUTU/frontend/packages/website/app/composables/tiers/use-premium-tiers-info.ts", "TypeScript", 0, 0, 0, 0, 0, 26, 0, 0, 0, 0, 0, 0, 0, 1, 8, 35
"/Users/tekoracle/Desktop/OTUTU/frontend/packages/website/app/composables/tiers/use-tiers-api.ts", "TypeScript", 0, 0, 0, 0, 0, 104, 0, 0, 0, 0, 0, 0, 0, 12, 11, 127
"/Users/tekoracle/Desktop/OTUTU/frontend/packages/website/app/composables/use-app-download.ts", "TypeScript", 0, 0, 0, 0, 0, 45, 0, 0, 0, 0, 0, 0, 0, 1, 7, 53
"/Users/tekoracle/Desktop/OTUTU/frontend/packages/website/app/composables/use-app-events.ts", "TypeScript", 0, 0, 0, 0, 0, 82, 0, 0, 0, 0, 0, 0, 0, 25, 21, 128
"/Users/tekoracle/Desktop/OTUTU/frontend/packages/website/app/composables/use-countries.ts", "TypeScript", 0, 0, 0, 0, 0, 25, 0, 0, 0, 0, 0, 0, 0, 0, 4, 29
"/Users/tekoracle/Desktop/OTUTU/frontend/packages/website/app/composables/use-dynamic-messages.ts", "TypeScript", 0, 0, 0, 0, 0, 47, 0, 0, 0, 0, 0, 0, 0, 0, 11, 58
"/Users/tekoracle/Desktop/OTUTU/frontend/packages/website/app/composables/use-fetch-with-csrf.ts", "TypeScript", 0, 0, 0, 0, 0, 124, 0, 0, 0, 0, 0, 0, 0, 6, 27, 157
"/Users/tekoracle/Desktop/OTUTU/frontend/packages/website/app/composables/use-headings.ts", "TypeScript", 0, 0, 0, 0, 0, 17, 0, 0, 0, 0, 0, 0, 0, 0, 3, 20
"/Users/tekoracle/Desktop/OTUTU/frontend/packages/website/app/composables/use-integrations-data.ts", "TypeScript", 0, 0, 0, 0, 0, 59, 0, 0, 0, 0, 0, 0, 0, 3, 11, 73
"/Users/tekoracle/Desktop/OTUTU/frontend/packages/website/app/composables/use-pricing-cache.ts", "TypeScript", 0, 0, 0, 0, 0, 76, 0, 0, 0, 0, 0, 0, 0, 29, 13, 118
"/Users/tekoracle/Desktop/OTUTU/frontend/packages/website/app/composables/use-random-stepper.ts", "TypeScript", 0, 0, 0, 0, 0, 29, 0, 0, 0, 0, 0, 0, 0, 0, 8, 37
"/Users/tekoracle/Desktop/OTUTU/frontend/packages/website/app/composables/use-recaptcha.ts", "TypeScript", 0, 0, 0, 0, 0, 30, 0, 0, 0, 0, 0, 0, 0, 0, 7, 37
"/Users/tekoracle/Desktop/OTUTU/frontend/packages/website/app/composables/use-redirect-url.ts", "TypeScript", 0, 0, 0, 0, 0, 33, 0, 0, 0, 0, 0, 0, 0, 0, 8, 41
"/Users/tekoracle/Desktop/OTUTU/frontend/packages/website/app/composables/use-remote-or-local.ts", "TypeScript", 0, 0, 0, 0, 0, 30, 0, 0, 0, 0, 0, 0, 0, 0, 8, 38
"/Users/tekoracle/Desktop/OTUTU/frontend/packages/website/app/composables/use-staging-branding.ts", "TypeScript", 0, 0, 0, 0, 0, 35, 0, 0, 0, 0, 0, 0, 0, 4, 11, 50
"/Users/tekoracle/Desktop/OTUTU/frontend/packages/website/app/composables/use-task-polling.ts", "TypeScript", 0, 0, 0, 0, 0, 58, 0, 0, 0, 0, 0, 0, 0, 9, 17, 84
"/Users/tekoracle/Desktop/OTUTU/frontend/packages/website/app/composables/web3/use-blockie.ts", "TypeScript", 0, 0, 0, 0, 0, 35, 0, 0, 0, 0, 0, 0, 0, 1, 12, 48
"/Users/tekoracle/Desktop/OTUTU/frontend/packages/website/app/composables/web3/use-web3-connection.ts", "TypeScript", 0, 0, 0, 0, 0, 232, 0, 0, 0, 0, 0, 0, 0, 19, 42, 293
"/Users/tekoracle/Desktop/OTUTU/frontend/packages/website/app/constants/oauth.ts", "TypeScript", 0, 0, 0, 0, 0, 4, 0, 0, 0, 0, 0, 0, 0, 0, 4, 8
"/Users/tekoracle/Desktop/OTUTU/frontend/packages/website/app/data/pricing.json", "JSON", 0, 0, 0, 0, 0, 0, 0, 1, 0, 0, 0, 0, 0, 0, 1, 2
"/Users/tekoracle/Desktop/OTUTU/frontend/packages/website/app/data/static-pricing.ts", "TypeScript", 0, 0, 0, 0, 0, 27, 0, 0, 0, 0, 0, 0, 0, 18, 7, 52
"/Users/tekoracle/Desktop/OTUTU/frontend/packages/website/app/error.vue", "vue", 0, 0, 0, 0, 0, 0, 42, 0, 0, 0, 0, 0, 0, 0, 9, 51
"/Users/tekoracle/Desktop/OTUTU/frontend/packages/website/app/layouts/README.md", "Markdown", 0, 0, 4, 0, 0, 0, 0, 0, 0, 0, 0, 0, 0, 0, 4, 8
"/Users/tekoracle/Desktop/OTUTU/frontend/packages/website/app/layouts/account.vue", "vue", 0, 0, 0, 0, 0, 0, 126, 0, 0, 0, 0, 0, 0, 0, 14, 140
"/Users/tekoracle/Desktop/OTUTU/frontend/packages/website/app/layouts/default.vue", "vue", 0, 0, 0, 0, 0, 0, 32, 0, 0, 0, 0, 0, 0, 0, 7, 39
"/Users/tekoracle/Desktop/OTUTU/frontend/packages/website/app/layouts/jobs.vue", "vue", 0, 0, 0, 0, 0, 0, 38, 0, 0, 0, 0, 0, 0, 0, 3, 41
"/Users/tekoracle/Desktop/OTUTU/frontend/packages/website/app/layouts/landing.vue", "vue", 0, 0, 0, 0, 0, 0, 12, 0, 0, 0, 0, 0, 0, 0, 2, 14
"/Users/tekoracle/Desktop/OTUTU/frontend/packages/website/app/layouts/minimal.vue", "vue", 0, 0, 0, 0, 0, 0, 54, 0, 0, 0, 0, 0, 0, 6, 7, 67
"/Users/tekoracle/Desktop/OTUTU/frontend/packages/website/app/layouts/sponsor.vue", "vue", 0, 0, 0, 0, 0, 0, 89, 0, 0, 0, 0, 0, 0, 0, 7, 96
"/Users/tekoracle/Desktop/OTUTU/frontend/packages/website/app/middleware/README.md", "Markdown", 0, 0, 5, 0, 0, 0, 0, 0, 0, 0, 0, 0, 0, 0, 4, 9
"/Users/tekoracle/Desktop/OTUTU/frontend/packages/website/app/middleware/authenticated.ts", "TypeScript", 0, 0, 0, 0, 0, 7, 0, 0, 0, 0, 0, 0, 0, 0, 3, 10
"/Users/tekoracle/Desktop/OTUTU/frontend/packages/website/app/middleware/authentication.ts", "TypeScript", 0, 0, 0, 0, 0, 9, 0, 0, 0, 0, 0, 0, 0, 0, 2, 11
"/Users/tekoracle/Desktop/OTUTU/frontend/packages/website/app/middleware/maintenance.ts", "TypeScript", 0, 0, 0, 0, 0, 6, 0, 0, 0, 0, 0, 0, 0, 0, 2, 8
"/Users/tekoracle/Desktop/OTUTU/frontend/packages/website/app/middleware/payment-success.ts", "TypeScript", 0, 0, 0, 0, 0, 9, 0, 0, 0, 0, 0, 0, 0, 5, 3, 17
"/Users/tekoracle/Desktop/OTUTU/frontend/packages/website/app/middleware/pending-payment.ts", "TypeScript", 0, 0, 0, 0, 0, 86, 0, 0, 0, 0, 0, 0, 0, 0, 21, 107
"/Users/tekoracle/Desktop/OTUTU/frontend/packages/website/app/middleware/sponsorship.ts", "TypeScript", 0, 0, 0, 0, 0, 12, 0, 0, 0, 0, 0, 0, 0, 0, 4, 16
"/Users/tekoracle/Desktop/OTUTU/frontend/packages/website/app/middleware/subscriber-or-upgrade.ts", "TypeScript", 0, 0, 0, 0, 0, 13, 0, 0, 0, 0, 0, 0, 0, 1, 5, 19
"/Users/tekoracle/Desktop/OTUTU/frontend/packages/website/app/middleware/subscriber.ts", "TypeScript", 0, 0, 0, 0, 0, 12, 0, 0, 0, 0, 0, 0, 0, 1, 4, 17
"/Users/tekoracle/Desktop/OTUTU/frontend/packages/website/app/middleware/unverified.ts", "TypeScript", 0, 0, 0, 0, 0, 13, 0, 0, 0, 0, 0, 0, 0, 0, 4, 17
"/Users/tekoracle/Desktop/OTUTU/frontend/packages/website/app/middleware/valid-plan-id.ts", "TypeScript", 0, 0, 0, 0, 0, 24, 0, 0, 0, 0, 0, 0, 0, 5, 9, 38
"/Users/tekoracle/Desktop/OTUTU/frontend/packages/website/app/pages/README.md", "Markdown", 0, 0, 4, 0, 0, 0, 0, 0, 0, 0, 0, 0, 0, 0, 3, 7
"/Users/tekoracle/Desktop/OTUTU/frontend/packages/website/app/pages/account-deleted.vue", "vue", 0, 0, 0, 0, 0, 0, 18, 0, 0, 0, 0, 0, 0, 0, 3, 21
"/Users/tekoracle/Desktop/OTUTU/frontend/packages/website/app/pages/activate/[uid]/[token].vue", "vue", 0, 0, 0, 0, 0, 0, 22, 0, 0, 0, 0, 0, 0, 0, 4, 26
"/Users/tekoracle/Desktop/OTUTU/frontend/packages/website/app/pages/activation.vue", "vue", 0, 0, 0, 0, 0, 0, 19, 0, 0, 0, 0, 0, 0, 0, 3, 22
"/Users/tekoracle/Desktop/OTUTU/frontend/packages/website/app/pages/bespoke.vue", "vue", 0, 0, 0, 0, 0, 0, 201, 0, 0, 0, 0, 0, 0, 0, 17, 218
"/Users/tekoracle/Desktop/OTUTU/frontend/packages/website/app/pages/blank.vue", "vue", 0, 0, 0, 0, 0, 0, 6, 0, 0, 0, 0, 0, 0, 0, 2, 8
"/Users/tekoracle/Desktop/OTUTU/frontend/packages/website/app/pages/checkout/pay.vue", "vue", 0, 0, 0, 0, 0, 0, 118, 0, 0, 0, 0, 0, 0, 2, 16, 136
"/Users/tekoracle/Desktop/OTUTU/frontend/packages/website/app/pages/checkout/pay/3d-secure.vue", "vue", 0, 0, 0, 0, 0, 0, 114, 0, 0, 0, 0, 0, 0, 4, 16, 134
"/Users/tekoracle/Desktop/OTUTU/frontend/packages/website/app/pages/checkout/pay/crypto.vue", "vue", 0, 0, 0, 0, 0, 0, 29, 0, 0, 0, 0, 0, 0, 0, 5, 34
"/Users/tekoracle/Desktop/OTUTU/frontend/packages/website/app/pages/checkout/pay/index.vue", "vue", 0, 0, 0, 0, 0, 0, 123, 0, 0, 0, 0, 0, 0, 1, 16, 140
"/Users/tekoracle/Desktop/OTUTU/frontend/packages/website/app/pages/checkout/pay/method.vue", "vue", 0, 0, 0, 0, 0, 0, 29, 0, 0, 0, 0, 0, 0, 0, 5, 34
"/Users/tekoracle/Desktop/OTUTU/frontend/packages/website/app/pages/checkout/pay/paypal.vue", "vue", 0, 0, 0, 0, 0, 0, 33, 0, 0, 0, 0, 0, 0, 0, 6, 39
"/Users/tekoracle/Desktop/OTUTU/frontend/packages/website/app/pages/checkout/pay/request-crypto.vue", "vue", 0, 0, 0, 0, 0, 0, 31, 0, 0, 0, 0, 0, 0, 0, 4, 35
"/Users/tekoracle/Desktop/OTUTU/frontend/packages/website/app/pages/checkout/success.vue", "vue", 0, 0, 0, 0, 0, 0, 89, 0, 0, 0, 0, 0, 0, 6, 12, 107
"/Users/tekoracle/Desktop/OTUTU/frontend/packages/website/app/pages/download.vue", "vue", 0, 0, 0, 0, 0, 0, 46, 0, 0, 0, 0, 0, 0, 0, 7, 53
"/Users/tekoracle/Desktop/OTUTU/frontend/packages/website/app/pages/health.vue", "vue", 0, 0, 0, 0, 0, 0, 6, 0, 0, 0, 0, 0, 0, 0, 2, 8
"/Users/tekoracle/Desktop/OTUTU/frontend/packages/website/app/pages/home/account-details.vue", "vue", 0, 0, 0, 0, 0, 0, 16, 0, 0, 0, 0, 0, 0, 0, 3, 19
"/Users/tekoracle/Desktop/OTUTU/frontend/packages/website/app/pages/home/address.vue", "vue", 0, 0, 0, 0, 0, 0, 10, 0, 0, 0, 0, 0, 0, 0, 3, 13
"/Users/tekoracle/Desktop/OTUTU/frontend/packages/website/app/pages/home/customer-information.vue", "vue", 0, 0, 0, 0, 0, 0, 10, 0, 0, 0, 0, 0, 0, 0, 3, 13
"/Users/tekoracle/Desktop/OTUTU/frontend/packages/website/app/pages/home/devices.vue", "vue", 0, 0, 0, 0, 0, 0, 10, 0, 0, 0, 0, 0, 0, 0, 3, 13
"/Users/tekoracle/Desktop/OTUTU/frontend/packages/website/app/pages/home/payment-methods.vue", "vue", 0, 0, 0, 0, 0, 0, 245, 0, 0, 0, 0, 0, 0, 1, 37, 283
"/Users/tekoracle/Desktop/OTUTU/frontend/packages/website/app/pages/home/subscription.vue", "vue", 0, 0, 0, 0, 0, 0, 83, 0, 0, 0, 0, 0, 0, 1, 13, 97
"/Users/tekoracle/Desktop/OTUTU/frontend/packages/website/app/pages/impressum.vue", "vue", 0, 0, 0, 0, 0, 0, 9, 0, 0, 0, 0, 0, 0, 0, 3, 12
"/Users/tekoracle/Desktop/OTUTU/frontend/packages/website/app/pages/index.vue", "vue", 0, 0, 0, 0, 0, 0, 84, 0, 0, 0, 0, 0, 0, 4, 12, 100
"/Users/tekoracle/Desktop/OTUTU/frontend/packages/website/app/pages/integrations.vue", "vue", 0, 0, 0, 0, 0, 0, 44, 0, 0, 0, 0, 0, 0, 0, 6, 50
"/Users/tekoracle/Desktop/OTUTU/frontend/packages/website/app/pages/jobs.vue", "vue", 0, 0, 0, 0, 0, 0, 3, 0, 0, 0, 0, 0, 0, 0, 1, 4
"/Users/tekoracle/Desktop/OTUTU/frontend/packages/website/app/pages/jobs/[id].vue", "vue", 0, 0, 0, 0, 0, 0, 61, 0, 0, 0, 0, 0, 0, 0, 9, 70
"/Users/tekoracle/Desktop/OTUTU/frontend/packages/website/app/pages/jobs/index.vue", "vue", 0, 0, 0, 0, 0, 0, 91, 0, 0, 0, 0, 0, 0, 0, 12, 103
"/Users/tekoracle/Desktop/OTUTU/frontend/packages/website/app/pages/login.vue", "vue", 0, 0, 0, 0, 0, 0, 21, 0, 0, 0, 0, 0, 0, 0, 4, 25
"/Users/tekoracle/Desktop/OTUTU/frontend/packages/website/app/pages/maintenance.vue", "vue", 0, 0, 0, 0, 0, 0, 60, 0, 0, 0, 0, 0, 0, 0, 11, 71
"/Users/tekoracle/Desktop/OTUTU/frontend/packages/website/app/pages/oauth/google.vue", "vue", 0, 0, 0, 0, 0, 0, 162, 0, 0, 0, 0, 0, 0, 0, 27, 189
"/Users/tekoracle/Desktop/OTUTU/frontend/packages/website/app/pages/oauth/monerium.vue", "vue", 0, 0, 0, 0, 0, 0, 168, 0, 0, 0, 0, 0, 0, 0, 28, 196
"/Users/tekoracle/Desktop/OTUTU/frontend/packages/website/app/pages/password/changed.vue", "vue", 0, 0, 0, 0, 0, 0, 22, 0, 0, 0, 0, 0, 0, 0, 4, 26
"/Users/tekoracle/Desktop/OTUTU/frontend/packages/website/app/pages/password/recover.vue", "vue", 0, 0, 0, 0, 0, 0, 21, 0, 0, 0, 0, 0, 0, 0, 4, 25
"/Users/tekoracle/Desktop/OTUTU/frontend/packages/website/app/pages/password/reset/[uid]/[token].vue", "vue", 0, 0, 0, 0, 0, 0, 22, 0, 0, 0, 0, 0, 0, 0, 4, 26
"/Users/tekoracle/Desktop/OTUTU/frontend/packages/website/app/pages/password/reset/index.vue", "vue", 0, 0, 0, 0, 0, 0, 22, 0, 0, 0, 0, 0, 0, 0, 4, 26
"/Users/tekoracle/Desktop/OTUTU/frontend/packages/website/app/pages/password/send.vue", "vue", 0, 0, 0, 0, 0, 0, 22, 0, 0, 0, 0, 0, 0, 0, 4, 26
"/Users/tekoracle/Desktop/OTUTU/frontend/packages/website/app/pages/privacy-policy.vue", "vue", 0, 0, 0, 0, 0, 0, 9, 0, 0, 0, 0, 0, 0, 0, 3, 12
"/Users/tekoracle/Desktop/OTUTU/frontend/packages/website/app/pages/products/index.vue", "vue", 0, 0, 0, 0, 0, 0, 31, 0, 0, 0, 0, 0, 0, 0, 5, 36
"/Users/tekoracle/Desktop/OTUTU/frontend/packages/website/app/pages/refund-policy.vue", "vue", 0, 0, 0, 0, 0, 0, 9, 0, 0, 0, 0, 0, 0, 0, 3, 12
"/Users/tekoracle/Desktop/OTUTU/frontend/packages/website/app/pages/signup.vue", "vue", 0, 0, 0, 0, 0, 0, 21, 0, 0, 0, 0, 0, 0, 0, 4, 25
"/Users/tekoracle/Desktop/OTUTU/frontend/packages/website/app/pages/sponsor/leaderboard.vue", "vue", 0, 0, 0, 0, 0, 0, 341, 0, 0, 0, 0, 0, 0, 4, 36, 381
"/Users/tekoracle/Desktop/OTUTU/frontend/packages/website/app/pages/sponsor/mint.vue", "vue", 0, 0, 0, 0, 0, 0, 438, 0, 0, 0, 0, 0, 0, 9, 69, 516
"/Users/tekoracle/Desktop/OTUTU/frontend/packages/website/app/pages/sponsor/submit-name.vue", "vue", 0, 0, 0, 0, 0, 0, 81, 0, 0, 0, 0, 0, 0, 4, 17, 102
"/Users/tekoracle/Desktop/OTUTU/frontend/packages/website/app/pages/tos.vue", "vue", 0, 0, 0, 0, 0, 0, 9, 0, 0, 0, 0, 0, 0, 0, 3, 12
"/Users/tekoracle/Desktop/OTUTU/frontend/packages/website/app/pages/values.vue", "vue", 0, 0, 0, 0, 0, 0, 28, 0, 0, 0, 0, 0, 0, 0, 4, 32
"/Users/tekoracle/Desktop/OTUTU/frontend/packages/website/app/plugins/README.md", "Markdown", 0, 0, 4, 0, 0, 0, 0, 0, 0, 0, 0, 0, 0, 0, 4, 8
"/Users/tekoracle/Desktop/OTUTU/frontend/packages/website/app/plugins/loglevel.ts", "TypeScript", 0, 0, 0, 0, 0, 9, 0, 0, 0, 0, 0, 0, 0, 1, 2, 12
"/Users/tekoracle/Desktop/OTUTU/frontend/packages/website/app/plugins/redirect.ts", "TypeScript", 0, 0, 0, 0, 0, 16, 0, 0, 0, 0, 0, 0, 0, 0, 2, 18
"/Users/tekoracle/Desktop/OTUTU/frontend/packages/website/app/plugins/startup.ts", "TypeScript", 0, 0, 0, 0, 0, 17, 0, 0, 0, 0, 0, 0, 0, 0, 4, 21
"/Users/tekoracle/Desktop/OTUTU/frontend/packages/website/app/store/README.md", "Markdown", 0, 0, 6, 0, 0, 0, 0, 0, 0, 0, 0, 0, 0, 0, 5, 11
"/Users/tekoracle/Desktop/OTUTU/frontend/packages/website/app/store/index.ts", "TypeScript", 0, 0, 0, 0, 0, 126, 0, 0, 0, 0, 0, 0, 0, 4, 23, 153
"/Users/tekoracle/Desktop/OTUTU/frontend/packages/website/app/store/sponsorship-metadata.ts", "TypeScript", 0, 0, 0, 0, 0, 54, 0, 0, 0, 0, 0, 0, 0, 5, 11, 70
"/Users/tekoracle/Desktop/OTUTU/frontend/packages/website/app/store/subscription-operations.ts", "TypeScript", 0, 0, 0, 0, 0, 45, 0, 0, 0, 0, 0, 0, 0, 2, 9, 56
"/Users/tekoracle/Desktop/OTUTU/frontend/packages/website/app/types/account.ts", "TypeScript", 0, 0, 0, 0, 0, 59, 0, 0, 0, 0, 0, 0, 0, 0, 13, 72
"/Users/tekoracle/Desktop/OTUTU/frontend/packages/website/app/types/codes.ts", "TypeScript", 0, 0, 0, 0, 0, 3, 0, 0, 0, 0, 0, 0, 0, 0, 1, 4
"/Users/tekoracle/Desktop/OTUTU/frontend/packages/website/app/types/common.ts", "TypeScript", 0, 0, 0, 0, 0, 12, 0, 0, 0, 0, 0, 0, 0, 0, 4, 16
"/Users/tekoracle/Desktop/OTUTU/frontend/packages/website/app/types/download.ts", "TypeScript", 0, 0, 0, 0, 0, 17, 0, 0, 0, 0, 0, 0, 0, 0, 4, 21
"/Users/tekoracle/Desktop/OTUTU/frontend/packages/website/app/types/dynamic-messages.ts", "TypeScript", 0, 0, 0, 0, 0, 19, 0, 0, 0, 0, 0, 0, 0, 0, 8, 27
"/Users/tekoracle/Desktop/OTUTU/frontend/packages/website/app/types/github.ts", "TypeScript", 0, 0, 0, 0, 0, 8, 0, 0, 0, 0, 0, 0, 0, 0, 2, 10
"/Users/tekoracle/Desktop/OTUTU/frontend/packages/website/app/types/index.ts", "TypeScript", 0, 0, 0, 0, 0, 214, 0, 0, 0, 0, 0, 0, 0, 0, 58, 272
"/Users/tekoracle/Desktop/OTUTU/frontend/packages/website/app/types/integrations.ts", "TypeScript", 0, 0, 0, 0, 0, 15, 0, 0, 0, 0, 0, 0, 0, 0, 6, 21
"/Users/tekoracle/Desktop/OTUTU/frontend/packages/website/app/types/login.ts", "TypeScript", 0, 0, 0, 0, 0, 4, 0, 0, 0, 0, 0, 0, 0, 0, 1, 5
"/Users/tekoracle/Desktop/OTUTU/frontend/packages/website/app/types/oauth.ts", "TypeScript", 0, 0, 0, 0, 0, 19, 0, 0, 0, 0, 0, 0, 0, 0, 6, 25
"/Users/tekoracle/Desktop/OTUTU/frontend/packages/website/app/types/payment.ts", "TypeScript", 0, 0, 0, 0, 0, 5, 0, 0, 0, 0, 0, 0, 0, 0, 1, 6
"/Users/tekoracle/Desktop/OTUTU/frontend/packages/website/app/types/pricing.ts", "TypeScript", 0, 0, 0, 0, 0, 4, 0, 0, 0, 0, 0, 0, 0, 0, 1, 5
"/Users/tekoracle/Desktop/OTUTU/frontend/packages/website/app/types/recaptcha.d.ts", "TypeScript", 0, 0, 0, 0, 0, 20, 0, 0, 0, 0, 0, 0, 0, 0, 3, 23
"/Users/tekoracle/Desktop/OTUTU/frontend/packages/website/app/types/signup.ts", "TypeScript", 0, 0, 0, 0, 0, 23, 0, 0, 0, 0, 0, 0, 0, 0, 4, 27
"/Users/tekoracle/Desktop/OTUTU/frontend/packages/website/app/types/sponsor.ts", "TypeScript", 0, 0, 0, 0, 0, 21, 0, 0, 0, 0, 0, 0, 0, 0, 8, 29
"/Users/tekoracle/Desktop/OTUTU/frontend/packages/website/app/types/tiers.ts", "TypeScript", 0, 0, 0, 0, 0, 24, 0, 0, 0, 0, 0, 0, 0, 0, 9, 33
"/Users/tekoracle/Desktop/OTUTU/frontend/packages/website/app/utils/api-error-handling.ts", "TypeScript", 0, 0, 0, 0, 0, 71, 0, 0, 0, 0, 0, 0, 0, 21, 10, 102
"/Users/tekoracle/Desktop/OTUTU/frontend/packages/website/app/utils/assert.ts", "TypeScript", 0, 0, 0, 0, 0, 10, 0, 0, 0, 0, 0, 0, 0, 0, 2, 12
"/Users/tekoracle/Desktop/OTUTU/frontend/packages/website/app/utils/card-payment-security.ts", "TypeScript", 0, 0, 0, 0, 0, 39, 0, 0, 0, 0, 0, 0, 0, 13, 7, 59
"/Users/tekoracle/Desktop/OTUTU/frontend/packages/website/app/utils/constants.ts", "TypeScript", 0, 0, 0, 0, 0, 6, 0, 0, 0, 0, 0, 0, 0, 0, 3, 9
"/Users/tekoracle/Desktop/OTUTU/frontend/packages/website/app/utils/countries.ts", "TypeScript", 0, 0, 0, 0, 0, 8, 0, 0, 0, 0, 0, 0, 0, 6, 3, 17
"/Users/tekoracle/Desktop/OTUTU/frontend/packages/website/app/utils/csp-header.ts", "TypeScript", 0, 0, 0, 0, 0, 41, 0, 0, 0, 0, 0, 0, 0, 6, 7, 54
"/Users/tekoracle/Desktop/OTUTU/frontend/packages/website/app/utils/csp-utils.ts", "TypeScript", 0, 0, 0, 0, 0, 12, 0, 0, 0, 0, 0, 0, 0, 4, 4, 20
"/Users/tekoracle/Desktop/OTUTU/frontend/packages/website/app/utils/date.ts", "TypeScript", 0, 0, 0, 0, 0, 10, 0, 0, 0, 0, 0, 0, 0, 0, 5, 15
"/Users/tekoracle/Desktop/OTUTU/frontend/packages/website/app/utils/icon-size.ts", "TypeScript", 0, 0, 0, 0, 0, 6, 0, 0, 0, 0, 0, 0, 0, 0, 1, 7
"/Users/tekoracle/Desktop/OTUTU/frontend/packages/website/app/utils/metadata.ts", "TypeScript", 0, 0, 0, 0, 0, 52, 0, 0, 0, 0, 0, 0, 0, 2, 6, 60
"/Users/tekoracle/Desktop/OTUTU/frontend/packages/website/app/utils/money.ts", "TypeScript", 0, 0, 0, 0, 0, 8, 0, 0, 0, 0, 0, 0, 0, 17, 3, 28
"/Users/tekoracle/Desktop/OTUTU/frontend/packages/website/app/utils/navigation.ts", "TypeScript", 0, 0, 0, 0, 0, 54, 0, 0, 0, 0, 0, 0, 0, 24, 10, 88
"/Users/tekoracle/Desktop/OTUTU/frontend/packages/website/app/utils/nft-tiers.ts", "TypeScript", 0, 0, 0, 0, 0, 28, 0, 0, 0, 0, 0, 0, 0, 0, 4, 32
"/Users/tekoracle/Desktop/OTUTU/frontend/packages/website/app/utils/plans.ts", "TypeScript", 0, 0, 0, 0, 0, 18, 0, 0, 0, 0, 0, 0, 0, 0, 4, 22
"/Users/tekoracle/Desktop/OTUTU/frontend/packages/website/app/utils/pricing.ts", "TypeScript", 0, 0, 0, 0, 0, 30, 0, 0, 0, 0, 0, 0, 0, 4, 8, 42
"/Users/tekoracle/Desktop/OTUTU/frontend/packages/website/app/utils/query.ts", "TypeScript", 0, 0, 0, 0, 0, 7, 0, 0, 0, 0, 0, 0, 0, 5, 1, 13
"/Users/tekoracle/Desktop/OTUTU/frontend/packages/website/app/utils/text.ts", "TypeScript", 0, 0, 0, 0, 0, 40, 0, 0, 0, 0, 0, 0, 0, 23, 12, 75
"/Users/tekoracle/Desktop/OTUTU/frontend/packages/website/app/utils/timeout.ts", "TypeScript", 0, 0, 0, 0, 0, 10, 0, 0, 0, 0, 0, 0, 0, 6, 1, 17
"/Users/tekoracle/Desktop/OTUTU/frontend/packages/website/app/utils/use-logger.ts", "TypeScript", 0, 0, 0, 0, 0, 8, 0, 0, 0, 0, 0, 0, 0, 0, 4, 12
"/Users/tekoracle/Desktop/OTUTU/frontend/packages/website/app/utils/validation.ts", "TypeScript", 0, 0, 0, 0, 0, 5, 0, 0, 0, 0, 0, 0, 0, 7, 2, 14
"/Users/tekoracle/Desktop/OTUTU/frontend/packages/website/content.config.ts", "TypeScript", 0, 0, 0, 0, 0, 88, 0, 0, 0, 0, 0, 0, 0, 0, 12, 100
"/Users/tekoracle/Desktop/OTUTU/frontend/packages/website/content/documents/impressum.md", "Markdown", 0, 0, 59, 0, 0, 0, 0, 0, 0, 0, 0, 0, 0, 0, 18, 77
"/Users/tekoracle/Desktop/OTUTU/frontend/packages/website/content/documents/privacy-policy.md", "Markdown", 0, 0, 75, 0, 0, 0, 0, 0, 0, 0, 0, 0, 0, 0, 26, 101
"/Users/tekoracle/Desktop/OTUTU/frontend/packages/website/content/documents/refund-policy.md", "Markdown", 0, 0, 9, 0, 0, 0, 0, 0, 0, 0, 0, 0, 0, 0, 5, 14
"/Users/tekoracle/Desktop/OTUTU/frontend/packages/website/content/documents/terms-of-service.md", "Markdown", 0, 0, 304, 0, 0, 0, 0, 0, 0, 0, 0, 0, 0, 0, 53, 357
"/Users/tekoracle/Desktop/OTUTU/frontend/packages/website/content/jobs/1.backend.md", "Markdown", 0, 0, 73, 0, 0, 0, 0, 0, 0, 0, 0, 0, 0, 0, 24, 97
"/Users/tekoracle/Desktop/OTUTU/frontend/packages/website/content/jobs/2.frontend.md", "Markdown", 0, 0, 69, 0, 0, 0, 0, 0, 0, 0, 0, 0, 0, 0, 21, 90
"/Users/tekoracle/Desktop/OTUTU/frontend/packages/website/content/jobs/3.ui-ux.md", "Markdown", 0, 0, 46, 0, 0, 0, 0, 0, 0, 0, 0, 0, 0, 0, 17, 63
"/Users/tekoracle/Desktop/OTUTU/frontend/packages/website/content/sponsorship-tiers/bronze.md", "Markdown", 0, 0, 5, 0, 0, 0, 0, 0, 0, 0, 0, 0, 0, 0, 1, 6
"/Users/tekoracle/Desktop/OTUTU/frontend/packages/website/content/sponsorship-tiers/gold.md", "Markdown", 0, 0, 5, 0, 0, 0, 0, 0, 0, 0, 0, 0, 0, 0, 1, 6
"/Users/tekoracle/Desktop/OTUTU/frontend/packages/website/content/sponsorship-tiers/silver.md", "Markdown", 0, 0, 5, 0, 0, 0, 0, 0, 0, 0, 0, 0, 0, 0, 1, 6
"/Users/tekoracle/Desktop/OTUTU/frontend/packages/website/content/testimonials/00.pray_eth.md", "Markdown", 0, 0, 7, 0, 0, 0, 0, 0, 0, 0, 0, 0, 0, 0, 2, 9
"/Users/tekoracle/Desktop/OTUTU/frontend/packages/website/content/testimonials/01.stoicaxyz.md", "Markdown", 0, 0, 10, 0, 0, 0, 0, 0, 0, 0, 0, 0, 0, 0, 5, 15
"/Users/tekoracle/Desktop/OTUTU/frontend/packages/website/content/testimonials/02.anonymous.md", "Markdown", 0, 0, 8, 0, 0, 0, 0, 0, 0, 0, 0, 0, 0, 0, 3, 11
"/Users/tekoracle/Desktop/OTUTU/frontend/packages/website/content/testimonials/03.peter_szilagyi.md", "Markdown", 0, 0, 7, 0, 0, 0, 0, 0, 0, 0, 0, 0, 0, 0, 2, 9
"/Users/tekoracle/Desktop/OTUTU/frontend/packages/website/content/testimonials/04.lex_node.md", "Markdown", 0, 0, 7, 0, 0, 0, 0, 0, 0, 0, 0, 0, 0, 0, 2, 9
"/Users/tekoracle/Desktop/OTUTU/frontend/packages/website/content/testimonials/05.wholesomecrypto.md", "Markdown", 0, 0, 7, 0, 0, 0, 0, 0, 0, 0, 0, 0, 0, 0, 2, 9
"/Users/tekoracle/Desktop/OTUTU/frontend/packages/website/content/testimonials/06.fransixles.md", "Markdown", 0, 0, 8, 0, 0, 0, 0, 0, 0, 0, 0, 0, 0, 0, 3, 11
"/Users/tekoracle/Desktop/OTUTU/frontend/packages/website/content/testimonials/07.shresth3103.md", "Markdown", 0, 0, 7, 0, 0, 0, 0, 0, 0, 0, 0, 0, 0, 0, 2, 9
"/Users/tekoracle/Desktop/OTUTU/frontend/packages/website/content/testimonials/08.flyguyinthesky.md", "Markdown", 0, 0, 7, 0, 0, 0, 0, 0, 0, 0, 0, 0, 0, 0, 2, 9
"/Users/tekoracle/Desktop/OTUTU/frontend/packages/website/content/testimonials/09.wholesomecrypto.md", "Markdown", 0, 0, 10, 0, 0, 0, 0, 0, 0, 0, 0, 0, 0, 0, 4, 14
"/Users/tekoracle/Desktop/OTUTU/frontend/packages/website/content/testimonials/10.richatlarge.md", "Markdown", 0, 0, 9, 0, 0, 0, 0, 0, 0, 0, 0, 0, 0, 0, 4, 13
"/Users/tekoracle/Desktop/OTUTU/frontend/packages/website/content/testimonials/11.nonsens3.md", "Markdown", 0, 0, 7, 0, 0, 0, 0, 0, 0, 0, 0, 0, 0, 0, 2, 9
"/Users/tekoracle/Desktop/OTUTU/frontend/packages/website/content/testimonials/12._smoothninja.md", "Markdown", 0, 0, 8, 0, 0, 0, 0, 0, 0, 0, 0, 0, 0, 0, 3, 11
"/Users/tekoracle/Desktop/OTUTU/frontend/packages/website/csp-config.ts", "TypeScript", 0, 0, 0, 0, 0, 190, 0, 0, 0, 0, 0, 0, 0, 24, 13, 227
"/Users/tekoracle/Desktop/OTUTU/frontend/packages/website/i18n/i18n.config.ts", "TypeScript", 0, 0, 0, 0, 0, 5, 0, 0, 0, 0, 0, 0, 0, 0, 1, 6
"/Users/tekoracle/Desktop/OTUTU/frontend/packages/website/i18n/locales/en.json", "JSON", 0, 0, 0, 0, 0, 0, 0, 1276, 0, 0, 0, 0, 0, 0, 1, 1277
"/Users/tekoracle/Desktop/OTUTU/frontend/packages/website/modules/ui-library/module.ts", "TypeScript", 0, 0, 0, 0, 0, 38, 0, 0, 0, 0, 0, 0, 0, 2, 6, 46
"/Users/tekoracle/Desktop/OTUTU/frontend/packages/website/modules/ui-library/runtime/plugin.ts", "TypeScript", 0, 0, 0, 0, 0, 176, 0, 0, 0, 0, 0, 0, 0, 0, 3, 179
"/Users/tekoracle/Desktop/OTUTU/frontend/packages/website/nuxt.config.ts", "TypeScript", 0, 0, 0, 0, 0, 479, 0, 0, 0, 0, 0, 0, 0, 37, 28, 544
"/Users/tekoracle/Desktop/OTUTU/frontend/packages/website/package.json", "JSON", 0, 0, 0, 0, 0, 0, 0, 79, 0, 0, 0, 0, 0, 0, 1, 80
"/Users/tekoracle/Desktop/OTUTU/frontend/packages/website/paypal.d.ts", "TypeScript", 0, 0, 0, 0, 0, 6, 0, 0, 0, 0, 0, 0, 0, 0, 2, 8
"/Users/tekoracle/Desktop/OTUTU/frontend/packages/website/playwright.config.ts", "TypeScript", 0, 0, 0, 0, 0, 67, 0, 0, 0, 0, 0, 0, 0, 4, 4, 75
"/Users/tekoracle/Desktop/OTUTU/frontend/packages/website/public/README.md", "Markdown", 0, 0, 7, 0, 0, 0, 0, 0, 0, 0, 0, 0, 0, 0, 5, 12
"/Users/tekoracle/Desktop/OTUTU/frontend/packages/website/public/browserconfig.xml", "XML", 0, 0, 0, 0, 0, 0, 0, 0, 0, 0, 0, 0, 9, 0, 1, 10
"/Users/tekoracle/Desktop/OTUTU/frontend/packages/website/public/img/accountant.svg", "SVG", 0, 0, 0, 0, 0, 0, 0, 0, 0, 0, 1, 0, 0, 0, 1, 2
"/Users/tekoracle/Desktop/OTUTU/frontend/packages/website/public/img/chains/arbitrum.svg", "SVG", 0, 0, 0, 0, 0, 0, 0, 0, 0, 0, 1, 0, 0, 0, 0, 1
"/Users/tekoracle/Desktop/OTUTU/frontend/packages/website/public/img/chains/base.svg", "SVG", 0, 0, 0, 0, 0, 0, 0, 0, 0, 0, 1, 0, 0, 0, 1, 2
"/Users/tekoracle/Desktop/OTUTU/frontend/packages/website/public/img/chains/binance_sc.svg", "SVG", 0, 0, 0, 0, 0, 0, 0, 0, 0, 0, 7, 0, 0, 0, 1, 8
"/Users/tekoracle/Desktop/OTUTU/frontend/packages/website/public/img/chains/bitcoin.svg", "SVG", 0, 0, 0, 0, 0, 0, 0, 0, 0, 0, 1, 0, 0, 0, 1, 2
"/Users/tekoracle/Desktop/OTUTU/frontend/packages/website/public/img/chains/ethereum.svg", "SVG", 0, 0, 0, 0, 0, 0, 0, 0, 0, 0, 1, 0, 0, 0, 1, 2
"/Users/tekoracle/Desktop/OTUTU/frontend/packages/website/public/img/chains/gnosis.svg", "SVG", 0, 0, 0, 0, 0, 0, 0, 0, 0, 0, 1, 0, 0, 0, 0, 1
"/Users/tekoracle/Desktop/OTUTU/frontend/packages/website/public/img/chains/optimism.svg", "SVG", 0, 0, 0, 0, 0, 0, 0, 0, 0, 0, 1, 0, 0, 0, 0, 1
"/Users/tekoracle/Desktop/OTUTU/frontend/packages/website/public/img/chains/polygon_pos.svg", "SVG", 0, 0, 0, 0, 0, 0, 0, 0, 0, 0, 3, 0, 0, 0, 1, 4
"/Users/tekoracle/Desktop/OTUTU/frontend/packages/website/public/img/chains/scroll.svg", "SVG", 0, 0, 0, 0, 0, 0, 0, 0, 0, 0, 1, 0, 0, 0, 0, 1
"/Users/tekoracle/Desktop/OTUTU/frontend/packages/website/public/img/docker.svg", "SVG", 0, 0, 0, 0, 0, 0, 0, 0, 0, 0, 10, 0, 0, 0, 1, 11
"/Users/tekoracle/Desktop/OTUTU/frontend/packages/website/public/img/kubernetes.svg", "SVG", 0, 0, 0, 0, 0, 0, 0, 0, 0, 0, 1, 0, 0, 0, 1, 2
"/Users/tekoracle/Desktop/OTUTU/frontend/packages/website/public/img/laurel.svg", "SVG", 0, 0, 0, 0, 0, 0, 0, 0, 0, 0, 51, 0, 0, 0, 0, 51
"/Users/tekoracle/Desktop/OTUTU/frontend/packages/website/public/img/linux.svg", "SVG", 0, 0, 0, 0, 0, 0, 0, 0, 0, 0, 10, 0, 0, 0, 1, 11
"/Users/tekoracle/Desktop/OTUTU/frontend/packages/website/public/img/logo-small.svg", "SVG", 0, 0, 0, 0, 0, 0, 0, 0, 0, 0, 1, 0, 0, 0, 1, 2
"/Users/tekoracle/Desktop/OTUTU/frontend/packages/website/public/img/maintenance.svg", "SVG", 0, 0, 0, 0, 0, 0, 0, 0, 0, 0, 1, 0, 0, 0, 1, 2
"/Users/tekoracle/Desktop/OTUTU/frontend/packages/website/public/img/no_data_placeholder.svg", "SVG", 0, 0, 0, 0, 0, 0, 0, 0, 0, 0, 1, 0, 0, 0, 1, 2
"/Users/tekoracle/Desktop/OTUTU/frontend/packages/website/public/img/not-found.svg", "SVG", 0, 0, 0, 0, 0, 0, 0, 0, 0, 0, 1, 0, 0, 0, 1, 2
"/Users/tekoracle/Desktop/OTUTU/frontend/packages/website/public/img/pricing-arrow.svg", "SVG", 0, 0, 0, 0, 0, 0, 0, 0, 0, 0, 3, 0, 0, 0, 1, 4
"/Users/tekoracle/Desktop/OTUTU/frontend/packages/website/public/img/products/nudge.svg", "SVG", 0, 0, 0, 0, 0, 0, 0, 0, 0, 0, 1, 0, 0, 0, 1, 2
"/Users/tekoracle/Desktop/OTUTU/frontend/packages/website/public/img/space.svg", "SVG", 0, 0, 0, 0, 0, 0, 0, 0, 0, 0, 1, 0, 0, 0, 1, 2
"/Users/tekoracle/Desktop/OTUTU/frontend/packages/website/public/img/sponsorship-profiles/1.41.0_dsheets.eth.svg", "SVG", 0, 0, 0, 0, 0, 0, 0, 0, 0, 0, 14, 0, 0, 0, 1, 15
"/Users/tekoracle/Desktop/OTUTU/frontend/packages/website/public/img/usdc.svg", "SVG", 0, 0, 0, 0, 0, 0, 0, 0, 0, 0, 5, 0, 0, 0, 1, 6
"/Users/tekoracle/Desktop/OTUTU/frontend/packages/website/public/integrations/all.json", "JSON", 0, 0, 0, 0, 0, 0, 0, 624, 0, 0, 0, 0, 0, 0, 1, 625
"/Users/tekoracle/Desktop/OTUTU/frontend/packages/website/public/safari-pinned-tab.svg", "SVG", 0, 0, 0, 0, 0, 0, 0, 0, 0, 0, 82, 0, 0, 0, 1, 83
"/Users/tekoracle/Desktop/OTUTU/frontend/packages/website/public/site.webmanifest", "JSON", 0, 0, 0, 0, 0, 0, 0, 19, 0, 0, 0, 0, 0, 0, 1, 20
"/Users/tekoracle/Desktop/OTUTU/frontend/packages/website/public/staging/logo.svg", "SVG", 0, 0, 0, 0, 0, 0, 0, 0, 0, 0, 142, 0, 0, 0, 1, 143
"/Users/tekoracle/Desktop/OTUTU/frontend/packages/website/public/staging/site.webmanifest", "JSON", 0, 0, 0, 0, 0, 0, 0, 21, 0, 0, 0, 0, 0, 0, 1, 22
"/Users/tekoracle/Desktop/OTUTU/frontend/packages/website/server/api/csp/violation.post.ts", "TypeScript", 0, 0, 0, 0, 0, 156, 0, 0, 0, 0, 0, 0, 0, 30, 28, 214
"/Users/tekoracle/Desktop/OTUTU/frontend/packages/website/server/api/ens/avatar.get.ts", "TypeScript", 0, 0, 0, 0, 0, 32, 0, 0, 0, 0, 0, 0, 0, 8, 9, 49
"/Users/tekoracle/Desktop/OTUTU/frontend/packages/website/server/api/nft/[token-id].get.ts", "TypeScript", 0, 0, 0, 0, 0, 29, 0, 0, 0, 0, 0, 0, 0, 1, 5, 35
"/Users/tekoracle/Desktop/OTUTU/frontend/packages/website/server/api/nft/image.get.ts", "TypeScript", 0, 0, 0, 0, 0, 35, 0, 0, 0, 0, 0, 0, 0, 6, 7, 48
"/Users/tekoracle/Desktop/OTUTU/frontend/packages/website/server/api/nft/tier-info.get.ts", "TypeScript", 0, 0, 0, 0, 0, 26, 0, 0, 0, 0, 0, 0, 0, 1, 5, 32
"/Users/tekoracle/Desktop/OTUTU/frontend/packages/website/server/api/oauth/google/token.post.ts", "TypeScript", 0, 0, 0, 0, 0, 59, 0, 0, 0, 0, 0, 0, 0, 7, 9, 75
"/Users/tekoracle/Desktop/OTUTU/frontend/packages/website/server/api/oauth/monerium/token.post.ts", "TypeScript", 0, 0, 0, 0, 0, 64, 0, 0, 0, 0, 0, 0, 0, 0, 11, 75
"/Users/tekoracle/Desktop/OTUTU/frontend/packages/website/server/api/releases/latest.get.ts", "TypeScript", 0, 0, 0, 0, 0, 88, 0, 0, 0, 0, 0, 0, 0, 17, 23, 128
"/Users/tekoracle/Desktop/OTUTU/frontend/packages/website/server/features/sponsorship/cache/cache-updater.ts", "TypeScript", 0, 0, 0, 0, 0, 308, 0, 0, 0, 0, 0, 0, 0, 21, 68, 397
"/Users/tekoracle/Desktop/OTUTU/frontend/packages/website/server/features/sponsorship/cache/keys.ts", "TypeScript", 0, 0, 0, 0, 0, 38, 0, 0, 0, 0, 0, 0, 0, 26, 11, 75
"/Users/tekoracle/Desktop/OTUTU/frontend/packages/website/server/features/sponsorship/cache/managers/image-cache-manager.ts", "TypeScript", 0, 0, 0, 0, 0, 195, 0, 0, 0, 0, 0, 0, 0, 72, 40, 307
"/Users/tekoracle/Desktop/OTUTU/frontend/packages/website/server/features/sponsorship/cache/managers/nft-cache-manager.ts", "TypeScript", 0, 0, 0, 0, 0, 96, 0, 0, 0, 0, 0, 0, 0, 36, 18, 150
"/Users/tekoracle/Desktop/OTUTU/frontend/packages/website/server/features/sponsorship/images/core.ts", "TypeScript", 0, 0, 0, 0, 0, 227, 0, 0, 0, 0, 0, 0, 0, 57, 50, 334
"/Users/tekoracle/Desktop/OTUTU/frontend/packages/website/server/features/sponsorship/images/http-service.ts", "TypeScript", 0, 0, 0, 0, 0, 70, 0, 0, 0, 0, 0, 0, 0, 19, 15, 104
"/Users/tekoracle/Desktop/OTUTU/frontend/packages/website/server/features/sponsorship/images/streaming.ts", "TypeScript", 0, 0, 0, 0, 0, 63, 0, 0, 0, 0, 0, 0, 0, 17, 13, 93
"/Users/tekoracle/Desktop/OTUTU/frontend/packages/website/server/features/sponsorship/nft/blockchain-service.ts", "TypeScript", 0, 0, 0, 0, 0, 248, 0, 0, 0, 0, 0, 0, 0, 33, 54, 335
"/Users/tekoracle/Desktop/OTUTU/frontend/packages/website/server/features/sponsorship/nft/config.ts", "TypeScript", 0, 0, 0, 0, 0, 39, 0, 0, 0, 0, 0, 0, 0, 10, 10, 59
"/Users/tekoracle/Desktop/OTUTU/frontend/packages/website/server/features/sponsorship/nft/core.ts", "TypeScript", 0, 0, 0, 0, 0, 287, 0, 0, 0, 0, 0, 0, 0, 53, 46, 386
"/Users/tekoracle/Desktop/OTUTU/frontend/packages/website/server/features/sponsorship/nft/metadata-processor.ts", "TypeScript", 0, 0, 0, 0, 0, 32, 0, 0, 0, 0, 0, 0, 0, 18, 6, 56
"/Users/tekoracle/Desktop/OTUTU/frontend/packages/website/server/plugins/nft-cache-updater.ts", "TypeScript", 0, 0, 0, 0, 0, 18, 0, 0, 0, 0, 0, 0, 0, 1, 5, 24
"/Users/tekoracle/Desktop/OTUTU/frontend/packages/website/server/routes/checkout/pay/card.get.ts", "TypeScript", 0, 0, 0, 0, 0, 18, 0, 0, 0, 0, 0, 0, 0, 1, 4, 23
"/Users/tekoracle/Desktop/OTUTU/frontend/packages/website/server/routes/checkout/pay/card/[...path].get.ts", "TypeScript", 0, 0, 0, 0, 0, 73, 0, 0, 0, 0, 0, 0, 0, 5, 13, 91
"/Users/tekoracle/Desktop/OTUTU/frontend/packages/website/server/routes/robots.txt.ts", "TypeScript", 0, 0, 0, 0, 0, 36, 0, 0, 0, 0, 0, 0, 0, 0, 6, 42
"/Users/tekoracle/Desktop/OTUTU/frontend/packages/website/server/tasks/nft/cache.ts", "TypeScript", 0, 0, 0, 0, 0, 40, 0, 0, 0, 0, 0, 0, 0, 0, 5, 45
"/Users/tekoracle/Desktop/OTUTU/frontend/packages/website/server/utils/cache-service.ts", "TypeScript", 0, 0, 0, 0, 0, 41, 0, 0, 0, 0, 0, 0, 0, 1, 11, 53
"/Users/tekoracle/Desktop/OTUTU/frontend/packages/website/server/utils/cache.ts", "TypeScript", 0, 0, 0, 0, 0, 7, 0, 0, 0, 0, 0, 0, 0, 3, 1, 11
"/Users/tekoracle/Desktop/OTUTU/frontend/packages/website/server/utils/errors.ts", "TypeScript", 0, 0, 0, 0, 0, 46, 0, 0, 0, 0, 0, 0, 0, 9, 11, 66
"/Users/tekoracle/Desktop/OTUTU/frontend/packages/website/server/utils/multicall.ts", "TypeScript", 0, 0, 0, 0, 0, 106, 0, 0, 0, 0, 0, 0, 0, 24, 20, 150
"/Users/tekoracle/Desktop/OTUTU/frontend/packages/website/server/utils/request-dedup.ts", "TypeScript", 0, 0, 0, 0, 0, 15, 0, 0, 0, 0, 0, 0, 0, 12, 5, 32
"/Users/tekoracle/Desktop/OTUTU/frontend/packages/website/server/utils/retry.ts", "TypeScript", 0, 0, 0, 0, 0, 51, 0, 0, 0, 0, 0, 0, 0, 18, 14, 83
"/Users/tekoracle/Desktop/OTUTU/frontend/packages/website/shared/features/sponsorship/constants.ts", "TypeScript", 0, 0, 0, 0, 0, 38, 0, 0, 0, 0, 0, 0, 0, 1, 5, 44
"/Users/tekoracle/Desktop/OTUTU/frontend/packages/website/shared/features/sponsorship/contract.ts", "TypeScript", 0, 0, 0, 0, 0, 56, 0, 0, 0, 0, 0, 0, 0, 33, 10, 99
"/Users/tekoracle/Desktop/OTUTU/frontend/packages/website/shared/features/sponsorship/rpc-checker.ts", "TypeScript", 0, 0, 0, 0, 0, 176, 0, 0, 0, 0, 0, 0, 0, 66, 42, 284
"/Users/tekoracle/Desktop/OTUTU/frontend/packages/website/shared/features/sponsorship/types.ts", "TypeScript", 0, 0, 0, 0, 0, 83, 0, 0, 0, 0, 0, 0, 0, 1, 21, 105
"/Users/tekoracle/Desktop/OTUTU/frontend/packages/website/shared/features/sponsorship/utils.ts", "TypeScript", 0, 0, 0, 0, 0, 22, 0, 0, 0, 0, 0, 0, 0, 13, 8, 43
"/Users/tekoracle/Desktop/OTUTU/frontend/packages/website/shared/types/common.ts", "TypeScript", 0, 0, 0, 0, 0, 12, 0, 0, 0, 0, 0, 0, 0, 0, 4, 16
"/Users/tekoracle/Desktop/OTUTU/frontend/packages/website/shared/types/github.ts", "TypeScript", 0, 0, 0, 0, 0, 8, 0, 0, 0, 0, 0, 0, 0, 0, 2, 10
"/Users/tekoracle/Desktop/OTUTU/frontend/packages/website/shared/types/sponsor.ts", "TypeScript", 0, 0, 0, 0, 0, 21, 0, 0, 0, 0, 0, 0, 0, 0, 8, 29
"/Users/tekoracle/Desktop/OTUTU/frontend/packages/website/shared/types/tiers.ts", "TypeScript", 0, 0, 0, 0, 0, 24, 0, 0, 0, 0, 0, 0, 0, 0, 9, 33
"/Users/tekoracle/Desktop/OTUTU/frontend/packages/website/shared/utils/card-payment-security.ts", "TypeScript", 0, 0, 0, 0, 0, 39, 0, 0, 0, 0, 0, 0, 0, 13, 7, 59
"/Users/tekoracle/Desktop/OTUTU/frontend/packages/website/shared/utils/csp-header.ts", "TypeScript", 0, 0, 0, 0, 0, 41, 0, 0, 0, 0, 0, 0, 0, 6, 7, 54
"/Users/tekoracle/Desktop/OTUTU/frontend/packages/website/shared/utils/text.ts", "TypeScript", 0, 0, 0, 0, 0, 40, 0, 0, 0, 0, 0, 0, 0, 23, 12, 75
"/Users/tekoracle/Desktop/OTUTU/frontend/packages/website/shared/utils/timeout.ts", "TypeScript", 0, 0, 0, 0, 0, 10, 0, 0, 0, 0, 0, 0, 0, 6, 1, 17
"/Users/tekoracle/Desktop/OTUTU/frontend/packages/website/shared/utils/use-logger.ts", "TypeScript", 0, 0, 0, 0, 0, 8, 0, 0, 0, 0, 0, 0, 0, 0, 4, 12
"/Users/tekoracle/Desktop/OTUTU/frontend/packages/website/tests/e2e/mock-api/nitro.config.ts", "TypeScript", 0, 0, 0, 0, 0, 22, 0, 0, 0, 0, 0, 0, 0, 0, 3, 25
"/Users/tekoracle/Desktop/OTUTU/frontend/packages/website/tests/e2e/mock-api/package.json", "JSON", 0, 0, 0, 0, 0, 0, 0, 12, 0, 0, 0, 0, 0, 0, 1, 13
"/Users/tekoracle/Desktop/OTUTU/frontend/packages/website/tests/e2e/mock-api/routes/webapi/2/available-tiers.get.ts", "TypeScript", 0, 0, 0, 0, 0, 23, 0, 0, 0, 0, 0, 0, 0, 0, 1, 24
"/Users/tekoracle/Desktop/OTUTU/frontend/packages/website/tests/e2e/mock-api/routes/webapi/2/tiers/info.get.ts", "TypeScript", 0, 0, 0, 0, 0, 36, 0, 0, 0, 0, 0, 0, 0, 0, 1, 37
"/Users/tekoracle/Desktop/OTUTU/frontend/packages/website/tests/e2e/mock-api/routes/webapi/csrf.get.ts", "TypeScript", 0, 0, 0, 0, 0, 8, 0, 0, 0, 0, 0, 0, 0, 1, 2, 11
"/Users/tekoracle/Desktop/OTUTU/frontend/packages/website/tests/e2e/specs/pages/index.spec.ts", "TypeScript", 0, 0, 0, 0, 0, 199, 0, 0, 0, 0, 0, 0, 0, 12, 49, 260
"/Users/tekoracle/Desktop/OTUTU/frontend/packages/website/tests/e2e/specs/pages/signup.spec.ts", "TypeScript", 0, 0, 0, 0, 0, 133, 0, 0, 0, 0, 0, 0, 0, 12, 34, 179
"/Users/tekoracle/Desktop/OTUTU/frontend/packages/website/tests/mocks/handlers.ts", "TypeScript", 0, 0, 0, 0, 0, 60, 0, 0, 0, 0, 0, 0, 0, 1, 4, 65
"/Users/tekoracle/Desktop/OTUTU/frontend/packages/website/tests/mocks/server.ts", "TypeScript", 0, 0, 0, 0, 0, 3, 0, 0, 0, 0, 0, 0, 0, 1, 2, 6
"/Users/tekoracle/Desktop/OTUTU/frontend/packages/website/tests/setup.ts", "TypeScript", 0, 0, 0, 0, 0, 30, 0, 0, 0, 0, 0, 0, 0, 0, 5, 35
"/Users/tekoracle/Desktop/OTUTU/frontend/packages/website/tests/unit/composables/use-fetch-with-csrf.nuxt.spec.ts", "TypeScript", 0, 0, 0, 0, 0, 47, 0, 0, 0, 0, 0, 0, 0, 0, 8, 55
"/Users/tekoracle/Desktop/OTUTU/frontend/packages/website/tests/unit/composables/use-staging-branding.spec.ts", "TypeScript", 0, 0, 0, 0, 0, 112, 0, 0, 0, 0, 0, 0, 0, 1, 41, 154
"/Users/tekoracle/Desktop/OTUTU/frontend/packages/website/tests/unit/server/api/releases/latest.spec.ts", "TypeScript", 0, 0, 0, 0, 0, 237, 0, 0, 0, 0, 0, 0, 0, 9, 54, 300
"/Users/tekoracle/Desktop/OTUTU/frontend/packages/website/tests/unit/utils/money.spec.ts", "TypeScript", 0, 0, 0, 0, 0, 19, 0, 0, 0, 0, 0, 0, 0, 1, 6, 26
"/Users/tekoracle/Desktop/OTUTU/frontend/packages/website/tests/unit/utils/query.spec.ts", "TypeScript", 0, 0, 0, 0, 0, 110, 0, 0, 0, 0, 0, 0, 0, 0, 21, 131
"/Users/tekoracle/Desktop/OTUTU/frontend/packages/website/tsconfig.build.json", "JSON", 0, 0, 0, 0, 0, 0, 0, 4, 0, 0, 0, 0, 0, 0, 1, 5
"/Users/tekoracle/Desktop/OTUTU/frontend/packages/website/tsconfig.json", "JSON with Comments", 0, 0, 0, 9, 0, 0, 0, 0, 0, 0, 0, 0, 0, 0, 1, 10
"/Users/tekoracle/Desktop/OTUTU/frontend/packages/website/vitest.config.ts", "TypeScript", 0, 0, 0, 0, 0, 21, 0, 0, 0, 0, 0, 0, 0, 0, 2, 23
"/Users/tekoracle/Desktop/OTUTU/frontend/packages/website/vue-shims.d.ts", "TypeScript", 0, 0, 0, 0, 0, 4, 0, 0, 0, 0, 0, 0, 0, 0, 2, 6
"/Users/tekoracle/Desktop/OTUTU/frontend/pnpm-lock.yaml", "YAML", 0, 15671, 0, 0, 0, 0, 0, 0, 0, 0, 0, 0, 0, 0, 3853, 19524
"/Users/tekoracle/Desktop/OTUTU/frontend/pnpm-workspace.yaml", "YAML", 0, 27, 0, 0, 0, 0, 0, 0, 0, 0, 0, 0, 0, 0, 2, 29
"/Users/tekoracle/Desktop/OTUTU/frontend/scripts/check-i18n.mjs", "JavaScript", 199, 0, 0, 0, 0, 0, 0, 0, 0, 0, 0, 0, 0, 28, 48, 275
"/Users/tekoracle/Desktop/OTUTU/frontend/stylelint.config.cjs", "JavaScript", 29, 0, 0, 0, 0, 0, 0, 0, 0, 0, 0, 0, 0, 0, 1, 30
"/Users/tekoracle/Desktop/OTUTU/frontend/tsconfig.json", "JSON with Comments", 0, 0, 0, 28, 0, 0, 0, 0, 0, 0, 0, 0, 0, 0, 1, 29
"Total", "-", 304, 15869, 1745, 80, 17, 13643, 20450, 2273, 14, 29, 343, 2, 9, 2081, 9636, 66495